SOCCode,Description,proximity,group,face2face,customers,contact,move,control,operate,repair_elect,repair_mechanic,inspect,coach,interpersonal,care,public,consult,peers,coordinate,team,guide,phone,email,memo
11-1011,Chief executives,44,95,96,77,90,10,12,14,10,8,32,73,90,37,57,70,94,75,85,80,97,100,72
11-1021,General and operations managers,55,95,99,78,95,37,42,35,24,31,61,73,74,49,71,54,83,81,75,79,98,96,74
11-2011,Advertising and promotions managers,46,87,97,80,92,27,21,21,9,5,19,41,75,34,55,33,81,52,49,50,95,100,70
11-2021,Marketing managers,47,92,94,81,90,9,5,20,4,4,11,59,92,36,45,55,94,74,77,71,98,100,63
11-2022,Sales managers,48,84,83,82,96,12,13,27,13,11,28,83,84,38,68,76,84,78,81,79,100,100,81
11-3010,Administrative services and facilities managers,45,89,98,78,88,53,48,39,35,37,54,66,79,56,52,56,86,74,68,73,95,99,64
11-3021,Computer and information systems managers,41,94,91,51,90,16,25,16,25,12,49,69,73,35,20,61,84,73,78,75,87,100,50
11-3031,Financial managers,44,81,97,62,87,8,10,3,3,0,19,67,76,31,36,60,84,58,66,64,98,100,67
11-3051,Industrial production managers,52,92,97,65,90,36,53,40,47,51,70,69,71,39,26,53,82,73,72,74,97,99,71
11-3061,Purchasing managers,41,88,90,69,89,19,20,22,5,10,33,73,85,41,42,68,83,72,79,74,99,100,78
11-3071,"Transportation, storage, and distribution managers",49,88,97,68,90,32,28,35,18,22,50,72,80,37,38,62,85,73,79,77,99,99,72
11-3111,Compensation and benefits managers,32,81,98,30,91,5,5,4,1,1,4,67,83,45,19,74,87,63,69,73,100,100,70
11-3121,Human resources managers,41,81,99,47,91,20,15,11,6,3,20,82,94,58,45,86,96,76,83,81,100,100,80
11-3131,Training and development managers,46,87,84,56,91,31,21,17,7,6,37,89,94,46,42,78,94,75,83,83,91,95,58
11-9013,"Farmers, ranchers, and other agricultural managers",56,86,96,57,82,62,61,67,45,55,69,61,70,43,48,46,77,71,56,65,78,60,44
11-9021,Construction managers,53,89,95,61,90,30,28,35,14,21,76,61,76,45,43,51,90,89,84,70,98,99,76
11-9031,"Education and childcare administrators, preschool and daycare",75,89,97,69,100,41,14,19,11,5,60,75,83,82,78,62,83,73,74,77,98,96,81
11-9032,"Education administrators, kindergarten through secondary",52,89,95,88,93,25,22,17,13,9,53,88,93,78,75,73,90,83,84,86,97,95,76
11-9033,"Education administrators, postsecondary",38,87,94,66,88,7,6,6,6,4,21,70,85,45,42,63,84,70,74,73,93,98,66
11-9041,Architectural and engineering managers,49,93,97,61,83,27,44,22,34,28,61,60,68,36,31,56,87,80,71,71,92,99,61
11-9051,Food service managers,78,95,95,81,97,54,43,16,24,29,52,57,57,50,75,34,65,61,56,50,90,89,66
11-9071,Gambling managers,76,91,99,84,90,34,26,15,23,32,53,81,78,45,79,61,86,72,75,81,93,98,75
11-9081,Lodging managers,49,95,96,87,97,42,38,38,22,27,53,76,79,68,79,62,87,80,68,71,98,98,83
11-9111,Medical and health services managers,45,82,98,66,87,22,24,7,6,4,33,80,85,48,47,73,90,76,79,83,99,100,78
11-9121,Natural sciences managers,46,88,95,63,81,28,32,24,25,21,51,59,76,42,46,53,81,68,62,55,88,99,67
11-9131,Postmasters and mail superintendents,56,92,98,89,99,36,40,33,17,20,55,74,75,49,60,61,87,78,69,79,96,97,88
11-9141,"Property, real estate, and community association managers",44,79,96,78,93,10,14,28,23,16,53,63,79,43,59,59,84,79,75,74,99,99,89
11-9151,Social and community service managers,42,93,97,78,92,23,16,30,8,5,38,58,78,75,66,59,91,75,69,69,100,100,78
11-9161,Emergency management directors,52,91,90,86,91,24,21,45,18,13,41,75,95,55,76,75,92,85,88,85,94,99,75
11-9171,Funeral home managers,60,80,81,84,92,56,35,55,16,23,51,53,66,92,91,61,71,77,36,47,94,91,79
11-9198,"Personal service managers, all other; entertainment and recreation managers, except gambling; and managers, all other",56,86,93,71,88,32,31,31,23,26,56,67,82,51,57,66,87,75,73,67,96,93,67
13-1011,"Agents and business managers of artists, performers, and athletes",42,79,89,48,97,16,4,3,2,3,9,39,78,32,39,55,63,56,46,29,100,100,60
13-1020,Buyers and purchasing agents,49,87,96,74,92,25,28,17,9,7,35,52,76,36,45,51,79,54,58,53,100,99,67
13-1031,"Claims adjusters, examiners, and investigators",50,75,83,84,93,17,16,19,6,1,47,33,73,45,62,32,87,40,42,31,100,100,98
13-1032,"Insurance appraisers, auto damage",41,69,82,98,99,17,33,70,38,9,69,32,64,59,85,57,83,31,42,36,100,100,73
13-1041,Compliance officers,58,80,90,76,88,28,21,35,12,10,43,48,75,37,62,59,83,52,54,48,94,94,73
13-1051,Cost estimators,44,80,90,61,81,16,10,13,12,6,33,56,79,20,25,63,81,67,63,53,92,100,77
13-1071,Human resources specialists,41,93,98,68,94,24,18,1,2,1,14,61,82,64,51,67,92,50,61,54,100,100,88
13-1074,Farm labor contractors,66,67,89,40,87,28,19,63,8,22,60,44,54,44,32,20,41,45,32,35,89,52,67
13-1075,Labor relations specialists,51,78,90,54,90,13,15,25,9,5,21,69,88,44,36,70,84,59,73,59,98,96,78
13-1081,Logisticians,54,85,88,65,88,21,23,19,21,17,36,59,75,30,28,62,83,62,66,59,96,99,64
13-1111,Management analysts,41,83,85,44,82,6,4,6,2,0,35,72,89,37,32,96,90,79,85,66,95,98,65
13-1121,"Meeting, convention, and event planners",72,95,98,93,98,56,43,34,41,23,58,72,78,53,84,65,88,73,77,71,99,97,76
13-1131,Fundraisers,56,85,100,92,91,10,14,35,9,3,14,73,95,44,70,73,80,58,76,56,99,100,85
13-1141,"Compensation, benefits, and job analysis specialists",32,78,85,33,88,12,18,5,7,4,15,46,79,29,17,70,88,44,54,41,94,100,67
13-1151,Training and development specialists,59,91,92,49,89,22,14,6,6,2,35,83,92,42,33,77,90,63,76,57,94,99,60
13-1161,Market research analysts and marketing specialists,37,71,78,46,73,6,14,5,9,2,22,50,77,16,30,74,80,55,55,50,86,99,55
13-1198,"Project management specialists and business operations specialists, all other",48,82,83,61,83,19,17,11,10,6,35,51,78,33,40,61,80,57,60,52,93,99,64
13-2011,Accountants and auditors,46,80,93,69,89,15,14,8,7,4,29,61,79,36,36,58,86,66,65,59,96,100,72
13-2020,Property appraisers and assessors,46,55,84,72,80,23,20,41,18,5,56,40,66,33,60,48,68,33,33,36,93,87,59
13-2031,Budget analysts,43,87,94,42,88,13,11,3,8,2,19,37,75,33,13,50,77,45,42,38,94,100,54
13-2041,Credit analysts,45,60,92,35,68,6,11,1,1,0,16,49,69,16,21,40,81,33,40,41,92,100,76
13-2052,Personal financial advisors,37,64,86,77,79,2,3,7,6,2,9,54,91,57,68,71,78,52,56,50,95,98,72
13-2053,Insurance underwriters,52,70,85,64,88,13,8,9,3,0,11,40,83,19,33,45,75,37,48,36,95,100,76
13-2061,Financial examiners,61,93,95,56,90,6,10,15,2,0,16,60,77,21,19,54,87,65,68,56,84,99,65
13-2071,Credit counselors,37,69,74,65,87,13,12,5,7,2,10,54,69,55,71,54,69,35,43,35,94,96,79
13-2072,Loan officers,54,88,97,89,96,13,17,8,10,5,31,34,84,27,66,50,77,52,60,37,100,100,81
13-2081,"Tax examiners and collectors, and revenue agents",57,70,88,91,95,17,22,16,11,9,30,42,83,39,90,31,79,48,39,30,98,90,84
13-2082,Tax preparers,41,52,85,73,80,23,30,11,11,8,18,52,69,42,53,51,64,40,38,49,89,89,66
13-2098,"Financial and investment analysts, financial risk specialists, and financial specialists, all other",49,75,88,53,71,11,18,13,10,5,26,54,70,21,33,59,78,55,59,57,89,99,58
15-1211,Computer systems analysts,54,90,90,59,81,20,24,8,22,10,33,63,74,37,25,66,87,62,65,43,97,100,54
15-1212,Information security analysts,52,80,87,47,83,17,23,9,38,9,36,42,61,16,19,50,75,46,46,36,87,99,50
15-1221,Computer and information research scientists,33,86,92,67,86,17,36,17,31,19,42,33,69,30,24,57,83,46,47,41,85,100,45
15-1231,Computer network support specialists,55,90,95,63,93,40,34,13,45,31,51,37,74,42,11,53,79,36,39,31,98,98,67
15-1232,Computer user support specialists,64,83,95,59,97,52,38,16,67,26,51,33,59,38,28,47,80,37,37,22,93,100,52
15-1241,Computer network architects,45,82,88,56,78,27,27,17,42,19,47,50,63,28,26,69,82,56,58,53,93,100,58
15-1244,Network and computer systems administrators,54,80,88,20,87,35,53,13,68,32,42,39,49,44,12,44,68,38,35,25,90,97,54
15-1245,Database administrators and architects,48,85,86,37,75,13,21,8,16,10,28,44,60,24,17,62,74,47,46,38,85,100,49
15-1251,Computer programmers,39,80,90,32,79,13,17,8,26,13,40,44,61,29,15,61,78,52,64,39,60,100,17
15-1256,Software developers and software quality assurance analysts and testers,47,89,94,20,79,16,14,9,16,8,44,46,70,24,9,46,78,53,61,45,82,96,42
15-1257,Web developers and digital interface designers,48,84,89,31,80,9,22,3,17,3,28,43,71,23,19,54,78,56,60,52,71,97,37
15-1299,"Computer occupations, all other",46,86,87,51,74,19,24,11,23,10,36,59,74,30,32,69,86,67,65,59,90,99,57
15-2011,Actuaries,35,74,90,42,66,4,3,2,2,0,10,56,65,17,17,71,84,56,58,55,91,100,54
15-2021,Mathematicians,34,65,82,30,66,8,10,2,7,3,15,54,57,18,21,58,72,45,42,34,68,98,41
15-2031,Operations research analysts,41,83,90,38,67,1,3,0,3,1,10,41,68,23,13,75,85,48,58,49,86,100,55
15-2041,Statisticians,39,79,83,37,69,5,9,4,6,4,12,49,62,26,18,71,80,49,53,48,75,95,54
15-2098,"Data scientists and mathematical science occupations, all other",51,79,79,41,74,10,11,7,15,6,21,44,68,22,16,56,82,48,49,42,71,98,44
17-1011,"Architects, except landscape and naval",54,90,90,66,89,23,18,20,16,6,56,64,78,49,48,61,81,73,72,68,98,99,66
17-1012,Landscape architects,48,89,90,74,87,23,27,27,21,12,51,56,80,34,63,63,83,72,73,64,96,99,72
17-1021,Cartographers and photogrammetrists,54,86,90,81,80,19,37,25,41,23,43,30,71,28,63,43,77,60,55,34,92,97,55
17-1022,Surveyors,44,80,89,61,77,52,49,53,52,37,65,63,65,26,63,58,80,69,60,64,94,97,70
17-2011,Aerospace engineers,50,87,98,61,81,20,36,25,28,24,59,47,65,20,3,63,82,53,50,42,85,100,46
17-2021,Agricultural engineers,45,85,88,60,76,36,37,45,41,37,75,55,70,33,51,67,82,63,59,60,91,99,70
17-2031,Bioengineers and biomedical engineers,49,89,91,43,76,22,35,9,43,30,60,54,69,29,21,67,80,63,68,58,85,100,67
17-2041,Chemical engineers,45,88,96,40,74,13,38,16,25,24,63,52,63,26,19,64,82,63,67,54,89,100,69
17-2051,Civil engineers,46,86,94,63,80,17,16,25,16,13,62,65,73,26,49,67,84,71,70,68,96,100,74
17-2061,Computer hardware engineers,45,84,87,41,74,17,35,12,60,12,53,48,58,28,17,66,81,58,63,53,79,98,54
17-2071,Electrical engineers,48,88,92,59,78,25,36,25,53,26,61,36,63,40,20,52,78,51,39,42,89,99,60
17-2072,"Electronics engineers, except computer",48,88,93,67,80,25,45,17,52,21,60,36,70,26,20,56,73,49,47,32,82,98,45
17-2081,Environmental engineers,44,82,91,56,75,22,29,36,36,33,61,57,72,34,54,65,77,68,72,61,93,99,74
17-2111,"Health and safety engineers, except mining safety engineers and inspectors",50,81,92,62,81,30,26,35,23,23,82,63,73,38,35,74,83,57,61,62,94,99,74
17-2112,Industrial engineers,56,84,94,57,82,28,43,19,26,27,65,49,71,27,18,64,81,52,57,45,90,99,61
17-2121,Marine engineers and naval architects,57,84,93,59,77,27,34,33,30,37,63,46,67,32,18,56,77,54,52,48,93,93,69
17-2131,Materials engineers,47,86,92,51,72,33,48,20,43,39,80,63,64,35,35,62,70,65,64,69,80,100,58
17-2141,Mechanical engineers,51,82,93,50,79,23,38,28,31,33,59,54,64,27,20,58,80,60,57,52,89,92,57
17-2151,"Mining and geological engineers, including mining safety engineers",48,81,95,41,74,22,28,28,15,10,46,54,76,27,26,74,87,72,67,56,83,98,75
17-2161,Nuclear engineers,46,83,95,43,75,23,43,19,33,33,78,46,57,20,20,58,78,54,52,41,93,100,63
17-2171,Petroleum engineers,29,97,100,55,89,9,14,9,13,10,43,41,75,28,10,67,78,69,59,56,95,100,55
17-2199,"Engineers, all other",48,84,89,51,76,31,49,24,44,33,63,49,66,28,21,59,75,52,56,51,87,98,57
17-3011,Architectural and civil drafters,48,86,97,52,75,11,12,15,15,4,41,36,57,23,28,50,72,48,42,42,86,98,56
17-3012,Electrical and electronics drafters,48,89,96,57,78,23,29,9,35,20,36,29,56,32,13,27,76,36,37,19,84,99,59
17-3013,Mechanical drafters,50,72,91,42,68,24,35,24,19,28,57,34,52,27,15,41,73,41,26,35,78,98,49
17-3021,Aerospace engineering and operations technologists and technicians,52,87,92,67,76,41,51,33,56,40,65,35,74,29,1,43,82,52,49,30,88,92,34
17-3022,Civil engineering technologists and technicians,57,86,99,75,89,20,18,45,17,15,49,36,68,28,43,57,78,43,37,36,82,95,51
17-3023,Electrical and electronic engineering technologists and technicians,53,81,93,49,76,48,57,35,70,44,72,46,62,38,27,51,76,51,48,44,81,96,57
17-3024,Electro-mechanical and mechatronics technologists and technicians,58,81,93,45,78,53,74,38,80,65,76,48,64,29,9,55,81,45,42,36,78,83,52
17-3025,Environmental engineering technologists and technicians,47,74,93,64,86,39,43,53,35,39,69,34,57,34,43,43,78,48,34,32,87,94,73
17-3026,Industrial engineering technologists and technicians,54,84,94,43,81,54,67,31,53,57,71,46,60,27,17,52,75,49,48,46,85,99,59
17-3027,Mechanical engineering technologists and technicians,62,80,98,55,86,54,57,66,51,59,78,49,67,29,30,55,85,56,54,52,87,99,56
17-3031,Surveying and mapping technicians,53,71,89,49,76,33,47,38,36,26,38,38,49,23,26,41,70,47,38,37,83,94,60
17-3098,"Calibration technologists and technicians and engineering technologists and technicians, except drafters, all other",55,71,94,51,68,52,62,34,52,53,78,54,61,29,16,46,75,44,47,43,85,87,58
19-1011,Animal scientists,46,77,91,67,84,30,33,45,19,16,58,60,72,32,58,74,78,52,58,57,95,99,70
19-1012,Food scientists and technologists,47,83,94,51,84,39,49,22,28,25,63,57,68,29,26,57,77,53,63,56,83,100,63
19-1013,Soil and plant scientists,36,76,87,60,74,39,37,50,31,37,53,58,61,41,55,67,80,60,56,64,81,94,64
19-1021,Biochemists and biophysicists,54,80,86,20,69,44,61,29,61,39,75,69,65,40,24,59,84,57,58,71,67,96,61
19-1022,Microbiologists,61,79,93,40,72,51,59,21,29,27,59,63,63,32,18,57,81,49,48,61,88,99,60
19-1023,Zoologists and wildlife biologists,39,82,93,70,81,39,34,55,23,20,37,41,74,33,66,60,84,64,60,53,88,100,60
19-1029,"Biological scientists, all other",46,82,93,34,72,35,37,20,28,19,50,62,67,36,34,58,78,57,57,64,73,99,53
19-1031,Conservation scientists,57,83,97,86,85,50,32,59,24,28,56,50,79,41,79,46,83,57,60,49,93,96,67
19-1032,Foresters,41,75,89,71,73,44,46,69,22,29,52,51,77,40,60,54,79,58,54,56,85,95,53
19-1041,Epidemiologists,38,87,93,64,76,3,3,6,3,3,20,53,73,21,42,72,80,60,61,57,93,100,69
19-1042,"Medical scientists, except epidemiologists",53,95,96,36,92,19,31,34,22,28,59,53,71,42,9,58,87,48,62,45,73,99,52
19-2011,Astronomers,32,76,89,26,67,16,30,8,39,16,35,66,60,19,38,43,74,52,56,51,72,99,51
19-2012,Physicists,38,78,84,29,60,23,33,9,23,15,45,52,58,35,27,59,76,50,47,42,63,98,48
19-2021,Atmospheric and space scientists,46,75,89,50,69,15,16,16,20,9,34,53,69,24,58,59,78,59,61,53,88,100,54
19-2031,Chemists,57,75,92,51,81,50,60,29,65,42,71,39,65,35,19,56,86,47,47,40,80,98,52
19-2032,Materials scientists,43,80,91,43,63,23,48,19,39,33,75,53,62,32,11,66,79,57,57,59,72,99,53
19-2041,"Environmental scientists and specialists, including health",41,84,90,56,76,18,16,24,15,11,37,45,70,23,47,65,80,55,56,47,90,98,65
19-2042,"Geoscientists, except hydrologists and geographers",39,75,88,48,69,37,33,42,24,25,36,57,72,26,46,65,85,61,55,58,78,96,57
19-2043,Hydrologists,39,81,89,51,73,32,29,34,40,26,44,52,65,23,42,63,75,59,56,60,85,99,56
19-2099,"Physical scientists, all other",40,74,82,42,68,14,12,14,25,11,35,50,64,22,25,55,76,54,53,50,73,96,59
19-3011,Economists,33,58,83,37,53,4,6,1,4,1,9,45,54,14,31,54,71,35,36,36,70,96,50
19-3022,Survey researchers,40,75,89,54,77,7,17,1,10,2,25,48,74,17,31,65,84,71,61,63,94,100,57
19-3031,"Clinical, counseling, and school psychologists",55,77,98,70,88,12,11,12,7,3,21,67,85,79,45,62,73,48,60,45,89,93,63
19-3032,Industrial-organizational psychologists,40,87,90,71,82,8,7,10,7,0,20,76,92,40,26,83,82,66,76,59,96,99,72
19-3041,Sociologists,40,61,89,48,71,6,13,1,8,2,10,62,63,32,44,58,71,43,38,42,68,99,73
19-3051,Urban and regional planners,45,86,97,82,76,7,3,15,2,1,11,52,82,28,81,64,87,77,79,60,94,100,79
19-3091,Anthropologists and archeologists,59,71,89,52,78,44,22,25,17,14,34,58,78,31,50,55,78,61,59,58,79,99,64
19-3092,Geographers,47,65,93,45,74,18,15,12,14,6,20,48,61,22,41,51,70,46,46,48,75,100,61
19-3093,Historians,56,80,88,71,79,34,18,8,21,10,28,51,76,29,80,56,67,48,42,31,82,81,46
19-3094,Political scientists,31,53,85,52,73,5,5,2,5,0,3,54,58,27,46,58,61,41,31,45,64,99,64
19-3099,"Social scientists and related workers, all other",42,88,93,76,81,11,7,18,3,0,24,57,81,24,72,67,85,66,71,60,94,100,76
19-4010,Agricultural and food science technicians,54,78,88,54,79,56,60,56,49,45,67,47,68,40,45,58,77,51,45,49,79,78,45
19-4021,Biological technicians,51,74,96,23,79,67,52,25,34,20,60,23,57,20,40,28,75,37,28,23,50,96,51
19-4031,Chemical technicians,51,89,100,41,73,66,65,37,56,33,81,39,48,40,15,47,79,54,40,31,58,100,47
19-4042,"Environmental science and protection technicians, including health",51,77,97,69,79,42,35,57,38,31,59,47,65,27,59,60,80,60,51,50,97,98,71
19-4045,Geological and hydrologic technicians,44,75,87,43,65,52,62,46,46,43,53,40,56,23,24,38,71,37,35,29,82,92,55
19-4051,Nuclear technicians,71,93,100,32,84,48,62,43,44,40,79,53,57,40,20,45,84,55,48,39,95,92,54
19-4061,Social science research assistants,47,79,82,42,67,11,13,5,6,0,16,37,62,22,42,43,86,49,38,38,59,91,50
19-4071,Forest and conservation technicians,68,97,100,71,85,66,60,85,37,55,75,60,79,51,63,61,81,69,65,58,89,92,67
19-4092,Forensic science technicians,68,76,95,79,74,51,60,68,44,39,62,33,58,34,63,52,81,33,30,25,92,96,53
19-4099,"Life, physical, and social science technicians, all other",54,74,88,34,76,38,55,20,44,34,60,38,54,23,14,39,74,47,36,34,65,92,44
19-5011,Occupational health and safety specialists,65,87,96,67,80,32,39,29,42,26,80,57,82,55,42,77,86,60,71,59,94,99,68
19-5012,Occupational health and safety technicians,55,74,93,54,86,41,36,37,35,24,79,63,78,56,39,75,85,54,59,50,94,100,63
21-1012,"Educational, guidance, and career counselors and advisors",64,96,100,66,99,11,12,11,8,5,19,76,89,89,72,77,87,54,64,55,95,100,67
21-1013,Marriage and family therapists,47,64,99,67,92,12,6,7,7,3,7,65,82,93,65,53,80,45,40,24,87,96,53
21-1015,Rehabilitation counselors,47,84,95,81,89,29,14,34,8,10,34,67,86,68,68,60,88,59,65,61,95,96,72
21-1018,"Substance abuse, behavioral disorder, and mental health counselors",58,82,98,72,98,20,29,28,14,11,35,63,81,90,69,62,75,60,59,45,96,91,73
21-1021,"Child, family, and school social workers",56,94,99,82,99,15,7,41,9,0,42,71,93,86,86,52,93,69,77,39,96,100,75
21-1022,Healthcare social workers,73,93,99,76,95,18,10,28,9,6,20,61,88,93,76,64,86,63,65,49,100,98,75
21-1023,Mental health and substance abuse social workers,57,87,99,73,95,18,18,26,11,8,16,68,86,89,52,80,89,41,53,60,95,97,56
21-1091,Health education specialists,64,82,97,73,93,43,38,31,26,15,35,56,93,75,86,63,95,55,81,50,94,100,62
21-1092,Probation officers and correctional treatment specialists,66,82,93,91,99,25,22,45,25,17,53,62,77,66,66,60,86,54,55,49,96,94,73
21-1093,Social and human service assistants,61,90,99,88,97,25,16,24,11,7,36,64,76,76,77,62,94,59,64,35,94,95,85
21-1094,Community health workers,76,80,94,72,90,67,42,42,25,25,61,58,94,84,91,54,92,67,73,58,84,94,64
21-2011,Clergy,55,92,95,81,95,21,19,31,21,5,30,59,77,78,68,65,68,58,64,63,92,94,71
21-2021,"Directors, religious activities and education",48,95,94,86,95,32,29,17,15,11,34,77,91,87,74,57,80,80,78,77,97,90,71
23-1011,Lawyers,34,80,98,73,92,11,19,9,22,7,34,36,80,40,61,87,59,53,53,45,99,100,95
23-1012,Judicial law clerks,37,71,91,60,77,8,19,2,5,1,3,11,57,41,25,36,78,10,10,4,85,97,82
23-1021,"Administrative law judges, adjudicators, and hearing officers",42,64,80,95,84,11,15,16,11,7,8,28,59,33,70,35,70,28,19,24,87,98,88
23-1022,"Arbitrators, mediators, and conciliators",64,26,73,31,68,0,2,3,0,0,5,36,69,26,37,59,40,39,25,15,69,79,64
23-1023,"Judges, magistrate judges, and magistrates",61,94,97,92,92,12,24,4,10,2,17,31,62,33,91,29,64,53,39,44,81,96,80
23-2011,Paralegals and legal assistants,39,85,95,67,89,30,15,5,12,3,28,30,69,34,51,34,86,45,32,24,92,100,89
23-2093,"Title examiners, abstractors, and searchers",50,82,93,80,66,28,31,11,8,8,26,33,63,19,34,32,78,39,40,24,83,99,57
25-1011,"Business teachers, postsecondary",48,63,79,45,78,19,19,11,6,2,24,68,68,39,64,63,73,43,45,48,68,100,51
25-1021,"Computer science teachers, postsecondary",49,84,91,60,87,17,23,8,25,14,33,70,63,46,41,68,77,59,62,66,77,100,54
25-1022,"Mathematical science teachers, postsecondary",58,68,90,56,83,18,22,11,9,2,27,65,61,48,55,53,74,50,40,57,48,98,54
25-1031,"Architecture teachers, postsecondary",76,75,89,48,82,35,43,15,9,16,46,72,83,41,55,63,74,71,71,62,62,93,66
25-1032,"Engineering teachers, postsecondary",33,67,95,37,81,23,39,19,23,24,48,76,65,37,25,69,75,69,57,62,71,100,67
25-1041,"Agricultural sciences teachers, postsecondary",40,84,97,50,79,45,38,37,21,27,41,81,85,60,58,60,90,77,74,80,77,100,73
25-1042,"Biological science teachers, postsecondary",47,81,97,64,85,26,30,18,10,9,58,75,64,39,47,64,85,60,57,65,70,99,75
25-1043,"Forestry and conservation science teachers, postsecondary",61,89,95,76,87,37,23,40,13,13,48,74,77,31,50,64,84,69,60,76,76,100,72
25-1051,"Atmospheric, earth, marine, and space sciences teachers, postsecondary",57,72,91,56,82,28,37,20,22,18,34,68,69,51,60,59,68,53,45,63,66,100,69
25-1052,"Chemistry teachers, postsecondary",37,77,94,39,83,33,30,9,20,19,39,75,69,39,39,53,74,57,58,52,68,100,60
25-1053,"Environmental science teachers, postsecondary",49,78,91,50,82,31,37,23,27,23,40,68,74,49,42,57,80,61,57,63,71,98,61
25-1054,"Physics teachers, postsecondary",44,59,89,68,85,26,38,12,41,22,42,69,71,54,47,63,75,51,49,58,64,96,57
25-1061,"Anthropology and archeology teachers, postsecondary",48,62,88,55,82,22,18,19,10,7,20,85,78,45,67,71,82,64,55,67,64,97,55
25-1062,"Area, ethnic, and cultural studies teachers, postsecondary",43,80,92,54,87,9,11,3,9,0,23,77,83,39,49,61,87,60,53,53,58,98,65
25-1063,"Economics teachers, postsecondary",53,58,86,60,81,15,17,11,13,12,25,64,62,33,39,39,52,35,33,48,55,99,53
25-1064,"Geography teachers, postsecondary",43,73,95,49,84,12,27,19,11,6,29,62,73,47,50,53,81,45,51,54,62,100,57
25-1065,"Political science teachers, postsecondary",44,66,87,64,78,3,6,0,5,0,7,61,69,32,42,42,68,43,50,59,71,100,59
25-1066,"Psychology teachers, postsecondary",40,72,99,57,84,15,19,6,9,3,23,82,86,68,70,70,82,65,50,74,55,96,68
25-1067,"Sociology teachers, postsecondary",46,63,91,45,81,8,12,3,0,0,11,46,82,35,26,48,81,33,34,46,62,100,66
25-1071,"Health specialties teachers, postsecondary",54,86,98,67,94,45,42,16,43,17,60,69,81,61,61,57,74,53,68,39,84,97,67
25-1072,"Nursing instructors and teachers, postsecondary",66,92,90,88,91,51,33,17,16,11,62,79,90,91,60,63,81,77,77,61,82,97,63
25-1081,"Education teachers, postsecondary",41,87,93,76,88,6,2,12,5,5,29,80,75,46,39,55,83,55,55,52,77,100,64
25-1082,"Library science teachers, postsecondary",44,83,80,56,84,9,19,10,15,10,23,74,70,31,47,67,71,56,54,50,62,100,47
25-1111,"Criminal justice and law enforcement teachers, postsecondary",57,62,87,80,87,11,17,1,13,9,23,68,70,48,55,45,66,31,36,39,81,99,54
25-1112,"Law teachers, postsecondary",41,54,86,51,88,5,9,4,7,2,8,82,68,43,41,57,69,39,38,31,80,95,60
25-1113,"Social work teachers, postsecondary",41,83,91,72,80,14,21,7,4,4,19,71,81,50,47,66,90,61,57,51,85,100,63
25-1121,"Art, drama, and music teachers, postsecondary",74,79,86,54,93,53,45,28,12,26,35,88,87,60,63,71,93,63,57,76,59,95,60
25-1122,"Communications teachers, postsecondary",51,66,90,47,88,18,22,9,20,3,31,74,75,53,66,58,79,52,52,48,64,98,63
25-1123,"English language and literature teachers, postsecondary",50,66,80,57,86,12,18,1,12,7,27,80,89,56,42,58,88,57,58,51,54,94,62
25-1124,"Foreign language and literature teachers, postsecondary",52,66,78,22,75,8,15,1,8,1,13,61,62,45,50,51,58,30,34,18,52,98,60
25-1125,"History teachers, postsecondary",36,51,86,41,77,10,13,0,4,0,22,59,74,41,41,52,65,40,32,35,69,97,69
25-1126,"Philosophy and religion teachers, postsecondary",46,61,82,37,83,15,16,6,6,0,9,69,69,55,54,50,68,55,47,51,51,99,57
25-1192,"Family and consumer sciences teachers, postsecondary",47,79,82,66,94,35,22,16,8,7,33,72,73,49,46,59,73,54,49,47,81,97,72
25-1193,"Recreation and fitness studies teachers, postsecondary",59,85,95,65,94,37,19,10,16,11,39,79,88,56,68,62,81,68,60,61,76,96,62
25-1194,"Career/technical education teachers, postsecondary",76,72,85,70,91,61,57,43,49,51,63,81,76,60,63,68,76,58,58,60,65,87,55
25-2011,"Preschool teachers, except special education",76,84,82,56,95,40,9,8,10,5,42,51,76,81,44,41,63,45,65,43,44,32,59
25-2012,"Kindergarten teachers, except special education",86,89,90,84,91,38,22,7,14,3,25,65,78,69,56,47,70,64,62,57,71,96,78
25-2021,"Elementary school teachers, except special education",79,89,95,66,95,31,13,2,8,5,41,78,82,77,58,49,75,65,69,60,68,93,75
25-2022,"Middle school teachers, except special and career/technical education",70,89,97,77,97,31,22,9,19,6,33,87,87,70,47,49,84,65,71,61,73,100,67
25-2023,"Career/technical education teachers, middle school",78,81,89,71,91,37,46,11,28,18,48,71,79,55,50,53,80,67,68,63,68,95,56
25-2031,"Secondary school teachers, except special and career/technical education",70,83,93,64,93,28,28,14,12,10,37,74,80,61,49,46,79,62,56,51,63,94,52
25-2032,"Career/technical education teachers, secondary school",77,79,97,55,92,47,45,37,42,37,57,85,76,65,69,59,84,74,70,73,71,98,57
25-2051,"Special education teachers, preschool",87,92,100,48,100,52,21,14,9,11,41,66,80,84,51,44,82,62,64,45,64,90,60
25-2057,"Special education teachers, middle school",81,95,95,76,98,23,20,5,15,6,32,77,80,80,68,45,84,65,67,57,83,95,73
25-2058,"Special education teachers, secondary school",74,96,97,68,98,27,22,11,9,7,42,80,87,71,57,67,74,68,64,69,76,100,65
25-2059,"Special education teachers, all other",92,86,95,58,85,66,12,22,8,12,45,69,75,85,55,63,76,55,64,67,62,94,51
25-3011,"Adult basic education, adult secondary education, and English as a Second Language instructors",80,69,85,56,82,16,21,10,18,11,34,71,67,49,59,58,69,48,40,34,62,90,48
25-3021,Self-enrichment teachers,76,71,92,56,94,36,15,20,7,19,41,94,78,50,51,53,68,52,43,43,40,73,30
25-3097,"Tutors and teachers and instructors, all other",81,70,90,53,89,14,13,2,5,3,19,76,79,51,52,52,74,44,42,50,69,92,52
25-4011,Archivists,44,65,92,78,74,68,23,12,15,11,39,51,74,28,74,62,80,64,56,65,94,100,61
25-4012,Curators,44,83,89,77,83,74,27,26,14,16,52,50,78,35,70,53,76,56,55,55,91,93,65
25-4013,Museum technicians and conservators,55,79,88,62,69,76,49,29,26,40,57,40,68,24,48,42,71,42,50,34,73,79,46
25-4022,Librarians and media collections specialists,56,83,90,66,84,36,21,8,20,8,35,53,89,41,52,52,85,51,57,36,88,96,61
25-4031,Library technicians,62,77,95,68,76,63,29,7,15,9,37,25,70,49,62,21,75,45,29,20,86,93,57
25-9021,Farm and home management educators,43,80,90,85,88,35,23,51,17,15,30,63,90,47,87,65,81,66,75,45,100,100,68
25-9031,Instructional coordinators,55,96,99,65,96,28,13,17,10,8,34,79,91,57,56,71,89,58,78,61,89,100,61
25-9044,"Teaching assistants, postsecondary",61,79,91,43,90,22,20,16,20,6,40,59,70,58,35,48,90,47,35,49,37,94,40
27-1011,Art directors,59,94,99,58,87,16,12,4,44,8,49,47,85,31,61,61,70,74,56,45,88,100,71
27-1012,Craft artists,34,32,64,63,53,74,52,31,20,41,43,27,55,17,63,17,28,22,15,21,72,90,49
27-1013,"Fine artists, including painters, sculptors, and illustrators",9,40,56,42,51,54,47,8,17,10,59,14,64,23,41,19,39,16,16,14,62,73,41
27-1014,Special effects artists and animators,53,87,90,66,77,27,48,10,28,10,33,48,71,37,34,52,94,30,53,61,77,100,25
27-1021,Commercial and industrial designers,49,93,100,75,85,27,44,30,20,20,42,28,72,20,13,50,84,42,25,37,92,100,39
27-1022,Fashion designers,48,78,77,70,94,23,25,5,23,15,72,69,88,28,63,61,80,73,67,75,71,93,89
27-1023,Floral designers,73,85,94,95,88,60,16,12,10,6,34,23,42,32,67,29,32,26,21,13,97,81,68
27-1024,Graphic designers,34,80,91,50,76,25,20,3,27,14,23,38,74,19,35,44,72,43,44,36,91,100,50
27-1025,Interior designers,53,89,98,80,87,32,23,10,13,8,56,57,80,36,50,61,81,79,73,63,96,100,69
27-1026,Merchandise displayers and window trimmers,67,79,91,74,89,80,40,12,9,6,40,55,74,42,61,40,79,60,56,55,70,69,43
27-1027,Set and exhibit designers,53,92,90,44,76,35,23,16,11,14,34,45,83,19,26,36,86,59,54,54,82,97,53
27-2011,Actors,95,100,85,66,93,51,11,8,6,7,24,31,89,35,79,20,74,33,33,27,67,92,38
27-2012,Producers and directors,54,90,92,73,95,32,36,24,35,16,38,59,74,33,62,49,82,71,60,63,96,100,68
27-2021,Athletes and sports competitors,59,87,94,58,83,63,56,48,31,35,61,68,72,42,62,56,71,57,64,49,78,76,41
27-2022,Coaches and scouts,74,86,81,49,94,54,18,32,12,12,45,83,86,57,48,67,76,68,81,71,66,92,40
27-2023,"Umpires, referees, and other sports officials",71,75,74,48,73,18,8,10,6,5,43,53,66,31,38,47,71,43,54,42,61,69,31
27-2031,Dancers,98,87,92,51,94,40,9,9,5,7,26,28,65,36,74,20,56,30,45,30,18,42,9
27-2032,Choreographers,100,89,91,41,87,56,17,3,5,1,36,82,93,41,69,57,81,81,81,89,73,94,49
27-2041,Music directors and composers,46,73,79,61,68,27,21,14,22,14,34,52,84,33,66,44,75,65,56,51,82,92,61
27-2042,Musicians and singers,88,92,70,53,87,45,22,15,13,17,34,38,76,43,83,27,67,42,56,34,35,65,33
27-3011,Broadcast announcers and radio disc jockeys,54,88,94,75,90,42,51,41,39,35,52,48,92,28,89,37,77,55,60,54,97,91,66
27-3023,"News analysts, reporters, and journalists",60,72,87,68,91,22,18,29,13,8,24,37,77,24,74,34,77,47,47,31,88,96,58
27-3031,Public relations specialists,46,85,94,75,90,13,6,15,11,4,22,60,86,40,74,71,90,66,70,63,100,100,65
27-3041,Editors,54,90,95,68,89,20,22,16,14,7,18,49,68,22,47,43,79,59,45,52,88,97,60
27-3042,Technical writers,42,90,85,55,78,11,22,12,23,20,29,24,65,27,17,45,76,41,44,28,79,94,62
27-3043,Writers and authors,32,58,68,56,71,12,15,7,19,5,14,33,67,17,45,35,60,36,37,31,77,89,64
27-3091,Interpreters and translators,63,93,91,48,89,15,20,18,11,6,42,48,81,53,74,41,79,46,57,42,66,88,44
27-3092,Court reporters and simultaneous captioners,63,87,95,82,95,17,31,28,39,18,44,18,54,36,52,19,72,33,13,21,85,91,69
27-4011,Audio and video technicians,60,90,96,70,72,61,63,35,69,40,69,44,56,34,57,54,78,59,34,30,84,89,29
27-4012,Broadcast technicians,51,88,95,50,80,49,64,45,74,55,72,49,62,34,45,52,84,59,55,53,89,99,55
27-4014,Sound engineering technicians,60,82,89,54,86,54,78,27,70,56,70,55,83,47,34,58,81,59,55,58,89,97,56
27-4021,Photographers,73,59,86,83,86,57,46,26,39,28,65,61,83,35,86,61,54,57,52,56,97,99,59
27-4031,"Camera operators, television, video, and film",68,90,99,64,93,73,80,29,58,52,76,57,85,66,48,33,89,44,56,43,70,94,47
27-4032,Film and video editors,54,88,97,50,78,37,38,15,39,15,60,45,77,40,51,50,78,57,52,45,87,100,53
29-1011,Chiropractors,96,74,100,65,100,62,47,15,20,19,37,50,73,93,77,56,73,64,63,61,96,82,77
29-1021,"Dentists, general",99,97,100,87,94,56,74,17,33,43,78,53,83,91,92,62,75,73,75,80,90,76,67
29-1022,Oral and maxillofacial surgeons,99,94,99,86,96,44,61,11,41,34,75,69,79,95,89,83,70,70,68,73,99,77,92
29-1023,Orthodontists,92,93,98,89,99,58,42,9,36,26,57,69,84,86,73,67,70,65,67,70,88,88,93
29-1024,Prosthodontists,98,94,100,91,92,55,69,28,40,52,65,82,82,94,93,76,78,65,67,67,93,84,80
29-1031,Dietitians and nutritionists,61,72,97,68,90,16,13,8,6,3,28,64,76,89,61,71,69,45,43,48,91,98,68
29-1041,Optometrists,90,83,100,86,94,51,56,11,25,24,63,61,78,95,89,64,76,68,68,68,80,98,86
29-1051,Pharmacists,72,88,99,86,97,48,31,5,20,18,60,53,73,79,80,71,73,61,49,63,100,94,74
29-1071,Physician assistants,89,91,97,79,90,50,50,19,23,25,66,57,79,89,69,66,84,52,57,48,91,80,61
29-1081,Podiatrists,95,86,93,82,92,38,44,15,28,22,52,43,72,97,78,67,60,49,40,63,97,86,89
29-1122,Occupational therapists,86,76,96,66,90,53,23,31,12,14,45,70,79,87,66,63,76,50,57,48,82,94,65
29-1123,Physical therapists,98,89,95,91,99,71,39,24,17,13,52,65,77,93,86,61,82,69,50,55,87,71,68
29-1124,Radiation therapists,98,85,93,60,99,66,90,53,59,50,90,50,74,90,86,43,85,68,62,50,93,93,59
29-1125,Recreational therapists,84,92,100,73,93,54,18,34,12,15,53,70,85,91,67,45,83,75,70,68,89,98,71
29-1126,Respiratory therapists,93,89,98,81,96,71,72,36,44,37,86,59,66,88,69,52,77,55,58,51,98,79,52
29-1127,Speech-language pathologists,79,91,94,58,96,25,22,16,13,11,35,55,75,79,56,53,72,50,50,36,80,87,67
29-1128,Exercise physiologists,79,86,99,76,96,56,49,19,16,19,48,73,85,91,74,63,72,52,63,50,90,91,60
29-1129,"Therapists, all other",81,82,97,59,91,51,19,11,12,14,39,72,90,94,65,58,82,53,63,50,79,92,64
29-1131,Veterinarians,86,96,100,91,97,46,37,15,14,16,57,42,77,67,81,44,70,54,55,52,99,88,72
29-1141,Registered nurses,84,92,99,83,93,54,41,21,17,13,54,73,86,97,75,66,85,67,74,66,98,91,63
29-1151,Nurse anesthetists,89,96,100,76,92,69,71,34,45,42,88,65,80,96,72,68,88,67,69,72,83,76,47
29-1161,Nurse midwives,99,90,100,87,98,57,35,14,13,14,54,68,90,99,79,66,88,71,74,63,95,96,68
29-1171,Nurse practitioners,84,94,100,82,94,31,29,16,14,15,44,66,82,88,77,73,79,60,68,60,100,99,68
29-1181,Audiologists,88,81,99,91,93,50,68,16,61,43,64,64,93,97,93,73,82,50,58,63,98,99,85
29-1211,Anesthesiologists,94,91,98,68,95,55,80,30,31,28,80,54,74,92,61,61,81,59,52,61,90,85,61
29-1215,Family medicine physicians,99,100,100,90,100,24,5,0,0,0,41,21,82,100,80,38,83,20,64,33,92,75,77
29-1216,General internal medicine physicians,93,74,90,77,90,45,42,9,16,10,51,47,81,98,75,51,76,52,52,48,90,92,65
29-1218,Obstetricians and gynecologists,97,89,100,84,100,49,40,11,15,11,60,69,83,96,74,61,66,52,59,55,100,74,86
29-1221,"Pediatricians, general",87,98,89,69,99,26,16,11,27,13,48,46,96,99,81,53,91,66,63,60,91,76,63
29-1223,Psychiatrists,67,95,98,70,87,11,16,11,11,2,29,53,91,99,54,72,84,52,68,55,98,96,85
29-1228,"Physicians, all other; and ophthalmologists, except pediatric",79,90,97,79,93,35,39,22,17,14,51,59,82,89,69,74,84,61,60,61,97,92,77
29-1292,Dental hygienists,89,74,99,72,99,74,50,16,44,43,69,51,90,87,82,59,74,59,54,44,60,42,14
29-1298,"Acupuncturists and healthcare diagnosing or treating practitioners, all other",86,68,91,79,90,43,29,13,23,19,45,56,81,92,71,62,68,47,47,42,85,91,67
29-2010,Clinical laboratory technologists and technicians,63,76,93,46,74,52,57,16,46,41,69,50,61,48,32,46,78,50,49,44,86,89,46
29-2031,Cardiovascular technologists and technicians,97,91,94,81,99,72,76,36,44,40,71,42,70,89,69,32,74,38,56,33,84,75,48
29-2032,Diagnostic medical sonographers,95,86,83,81,96,60,67,32,43,41,66,50,71,82,73,43,77,51,52,45,87,60,42
29-2033,Nuclear medicine technologists,86,84,91,91,96,62,70,31,48,35,71,47,74,90,77,40,73,65,56,45,95,77,54
29-2034,Radiologic technologists and technicians,93,88,93,87,97,75,78,33,35,26,66,42,74,93,86,34,80,52,46,40,95,66,51
29-2035,Magnetic resonance imaging technologists,76,77,94,75,85,71,57,16,33,26,69,58,64,90,78,53,75,52,55,55,88,81,49
29-2051,Dietetic technicians,77,93,91,78,95,67,54,51,28,35,82,56,77,86,51,70,78,58,70,61,70,56,49
29-2052,Pharmacy technicians,77,86,89,69,96,50,48,25,27,27,55,53,74,65,73,43,71,55,49,45,100,92,47
29-2053,Psychiatric technicians,85,94,90,75,91,55,36,36,34,24,49,65,78,96,59,47,91,65,83,52,78,71,42
29-2055,Surgical technologists,99,96,88,76,92,86,55,29,44,43,85,60,73,87,50,41,84,61,61,45,74,53,40
29-2056,Veterinary technologists and technicians,88,89,83,72,92,73,56,27,44,46,83,48,66,87,74,41,74,57,57,44,83,66,35
29-2057,Ophthalmic medical technicians,90,96,92,89,98,40,43,7,38,29,60,55,74,87,89,45,74,52,58,50,96,88,63
29-2061,Licensed practical and licensed vocational nurses,92,92,91,66,96,46,39,23,30,27,67,58,63,89,52,45,78,65,66,66,93,70,63
29-2081,"Opticians, dispensing",83,66,96,94,95,43,39,18,22,29,60,55,64,59,93,45,64,52,43,53,97,86,69
29-2091,Orthotists and prosthetists,85,81,99,85,97,68,65,26,35,40,68,60,81,91,70,54,74,63,55,63,98,100,89
29-2092,Hearing aid specialists,76,75,78,98,92,43,48,25,70,32,66,33,78,92,84,51,66,44,38,32,91,97,61
29-2098,"Medical dosimetrists, medical records specialists, and health technologists and technicians, all other",85,88,97,84,95,49,45,16,35,29,55,57,80,88,73,45,83,62,58,50,92,92,63
29-9091,Athletic trainers,77,95,97,74,97,43,18,20,19,17,51,63,79,97,41,45,70,43,50,40,85,93,73
29-9092,Genetic counselors,47,73,100,79,89,9,4,2,1,0,9,48,81,86,70,65,78,43,38,36,100,100,91
29-9098,"Health information technologists, medical registrars, surgical assistants, and healthcare practitioners and technical workers, all other",96,92,90,78,91,68,53,31,29,33,79,62,85,96,74,64,83,52,64,57,80,86,56
31-1120,Home health and personal care aides,85,81,78,54,84,68,27,39,13,15,55,45,72,94,43,32,82,53,44,28,74,24,54
31-1131,Nursing assistants,84,92,71,67,96,54,41,32,24,24,64,49,73,89,47,42,78,63,65,32,49,40,44
31-1132,Orderlies,97,88,86,60,98,81,48,24,16,24,79,46,68,83,50,39,72,40,45,22,95,48,35
31-1133,Psychiatric aides,89,81,94,48,84,39,14,38,11,6,59,59,76,98,37,43,89,69,58,39,76,33,59
31-2011,Occupational therapy assistants,82,96,94,70,97,58,45,20,5,15,49,50,80,94,75,46,82,60,63,36,63,83,50
31-2012,Occupational therapy aides,87,89,94,51,99,64,53,43,41,42,65,67,78,96,88,53,85,68,70,60,71,62,54
31-2021,Physical therapist assistants,99,91,98,77,99,67,42,29,49,30,64,56,91,100,87,49,98,54,68,42,82,47,55
31-2022,Physical therapist aides,95,90,99,51,98,79,42,18,16,20,62,46,77,88,77,37,84,61,57,37,86,54,46
31-9011,Massage therapists,83,38,94,79,91,59,15,4,12,13,41,38,80,90,88,48,50,30,41,32,81,66,42
31-9091,Dental assistants,94,90,86,71,95,64,46,30,44,43,80,64,69,87,79,55,78,60,58,54,88,72,46
31-9092,Medical assistants,83,87,82,75,100,52,51,46,50,44,85,54,62,90,65,59,86,47,50,59,84,64,81
31-9093,Medical equipment preparers,77,83,92,76,89,81,71,38,39,37,85,47,60,64,51,45,78,43,48,47,100,78,46
31-9094,Medical transcriptionists,53,89,98,69,85,32,26,8,6,5,27,26,73,65,39,22,83,23,33,29,84,85,58
31-9095,Pharmacy aides,82,92,84,88,96,57,45,36,35,34,64,48,64,77,74,49,85,58,66,63,98,68,63
31-9096,Veterinary assistants and laboratory animal caretakers,84,83,88,68,87,75,65,30,39,37,68,52,64,81,74,41,85,47,54,40,85,66,51
31-9097,Phlebotomists,76,90,96,82,96,59,50,33,39,32,69,68,77,89,77,43,85,68,66,58,92,82,58
31-9099,"Healthcare support workers, all other",81,94,94,60,93,58,44,20,31,34,63,68,72,84,59,44,78,53,53,42,73,64,53
33-1011,First-line supervisors of correctional officers,76,92,93,60,94,45,36,52,34,35,74,81,76,76,59,65,90,79,71,81,98,99,77
33-1012,First-line supervisors of police and detectives,77,95,97,95,97,39,36,75,26,29,60,76,83,77,89,73,89,77,74,86,97,96,75
33-1021,First-line supervisors of firefighting and prevention workers,75,91,92,82,89,78,71,90,40,69,84,79,78,84,85,66,84,79,84,85,93,86,67
33-2011,Firefighters,81,91,93,86,91,79,71,84,45,65,81,65,69,85,74,56,78,62,63,57,83,78,54
33-2021,Fire inspectors and investigators,67,83,98,91,98,64,41,64,28,37,83,59,80,69,92,62,85,65,66,52,96,95,71
33-2022,Forest fire inspectors and prevention specialists,54,97,97,84,95,71,53,84,33,60,75,67,76,62,80,51,87,68,74,65,94,93,61
33-3011,Bailiffs,73,86,84,85,91,46,43,58,25,21,69,70,73,77,82,51,87,62,54,54,69,66,51
33-3012,Correctional officers and jailers,81,93,86,78,98,37,23,49,20,15,67,56,59,64,52,49,82,42,64,61,90,66,64
33-3021,Detectives and criminal investigators,66,90,93,79,90,34,28,50,16,12,41,52,77,42,55,50,86,50,54,46,96,99,68
33-3031,Fish and game wardens,76,77,92,96,92,56,49,92,30,44,64,50,81,61,84,40,89,51,49,31,98,96,64
33-3041,Parking enforcement workers,37,78,77,86,73,58,67,84,59,49,65,51,72,74,80,42,85,53,47,48,46,46,38
33-3051,Police and sheriff's patrol officers,78,91,92,96,97,47,42,70,29,25,64,57,73,60,89,52,86,56,56,55,93,89,70
33-3052,Transit and railroad police,79,78,82,93,93,53,31,79,29,26,53,63,69,77,88,55,85,53,54,68,87,99,74
33-9011,Animal control workers,54,93,86,95,93,66,25,80,18,33,63,43,67,63,85,52,72,45,44,41,95,76,73
33-9021,Private detectives and investigators,51,58,79,80,83,20,21,62,35,24,49,39,72,23,56,38,78,49,38,38,98,95,73
33-9031,Gambling surveillance officers and gambling investigators,78,87,93,58,91,41,35,16,31,14,71,61,65,46,28,52,90,58,49,47,97,92,67
33-9032,Security guards,68,81,86,76,86,28,22,50,16,12,68,57,66,55,80,38,87,67,63,68,84,34,65
33-9091,Crossing guards and flaggers,78,58,68,87,78,45,25,26,9,12,41,36,45,61,61,32,57,29,30,15,26,23,19
33-9092,"Lifeguards, ski patrol, and other recreational protective service workers",75,90,89,74,88,55,42,46,15,38,77,57,61,90,78,52,71,51,55,58,64,80,34
33-9093,Transportation security screeners,86,90,85,81,89,72,53,16,46,26,58,56,57,46,75,40,73,52,53,56,49,71,42
33-9098,"School bus monitors and protective service workers, all other",73,94,89,81,94,39,32,41,36,23,64,60,73,57,45,53,84,48,66,64,94,85,41
35-1011,Chefs and head cooks,80,90,96,80,92,73,64,43,37,53,67,85,73,57,75,65,81,82,85,79,97,98,78
35-1012,First-line supervisors of food preparation and serving workers,95,93,87,94,96,56,61,26,23,27,67,68,64,56,67,49,68,69,62,72,82,68,59
35-2011,"Cooks, fast food",65,72,98,64,57,50,35,17,18,24,28,38,31,26,41,33,50,38,37,35,64,16,21
35-2012,"Cooks, institution and cafeteria",70,87,95,55,91,59,52,24,9,23,71,49,66,67,43,49,71,57,46,50,54,27,34
35-2013,"Cooks, private household",21,29,65,42,64,55,27,28,11,12,41,19,73,38,60,27,28,23,16,17,68,88,44
35-2014,"Cooks, restaurant",81,84,76,53,67,70,59,31,32,35,70,60,55,52,56,34,72,62,61,51,33,12,24
35-2015,"Cooks, short order",66,88,82,81,93,61,45,35,25,34,60,42,39,42,59,34,56,56,54,42,72,25,45
35-2021,Food preparation workers,69,85,81,81,81,67,49,27,25,25,67,60,67,57,62,51,71,62,58,46,52,33,35
35-3011,Bartenders,79,66,80,81,93,66,28,23,23,24,66,58,75,61,77,43,62,62,54,61,47,24,47
35-3023,Fast food and counter workers,75,83,86,84,93,55,60,18,28,31,54,47,61,48,73,36,66,46,47,50,59,30,24
35-3031,Waiters and waitresses,78,75,76,72,95,62,47,16,12,14,53,45,68,62,75,37,72,55,47,42,65,9,16
35-3041,"Food servers, nonrestaurant",85,84,92,67,83,70,52,17,18,16,57,55,61,66,77,42,71,48,43,45,58,43,34
35-9011,Dining room and cafeteria attendants and bartender helpers,86,91,87,74,94,47,34,21,29,34,41,48,68,59,72,32,73,52,54,39,64,19,21
35-9021,Dishwashers,53,49,67,44,62,72,54,39,42,64,72,43,62,62,46,44,70,51,53,48,13,9,12
35-9031,"Hosts and hostesses, restaurant, lounge, and coffee shop",79,90,87,73,95,37,29,2,3,5,39,39,64,47,78,30,65,47,48,33,88,30,23
37-1011,First-line supervisors of housekeeping and janitorial workers,52,91,95,52,86,66,56,39,51,45,84,80,77,78,67,65,89,86,77,84,89,90,52
37-1012,"First-line supervisors of landscaping, lawn service, and groundskeeping workers",63,91,95,78,89,74,65,83,51,64,77,72,71,44,69,64,83,84,74,79,88,78,61
37-2011,"Janitors and cleaners, except maids and housekeeping cleaners",48,73,81,46,70,61,42,27,13,25,55,33,49,39,44,26,51,33,39,22,50,44,30
37-2012,Maids and housekeeping cleaners,50,73,85,57,69,54,37,13,26,33,46,39,46,60,58,22,58,42,37,27,37,15,22
37-2021,Pest control workers,47,54,93,75,85,63,44,80,22,43,79,38,67,38,72,38,75,37,44,40,91,17,42
37-3011,Landscaping and groundskeeping workers,76,75,75,32,55,73,70,59,14,60,61,54,66,58,32,17,46,49,42,24,35,13,18
37-3012,"Pesticide handlers, sprayers, and applicators, vegetation",29,65,81,75,66,75,62,83,24,62,72,52,62,46,75,45,67,48,42,44,80,41,47
37-3013,Tree trimmers and pruners,59,81,93,61,81,75,72,89,23,60,94,44,44,52,44,32,61,44,36,43,73,23,21
39-1013,First-line supervisors of gambling services workers,82,89,88,95,95,38,29,11,26,23,50,62,73,40,92,42,78,61,68,68,65,58,57
39-1098,"First-line supervisors of personal service and entertainment and recreation workers, except gambling services",87,92,92,82,99,41,31,28,28,29,54,64,83,62,65,39,87,57,57,56,93,70,60
39-2011,Animal trainers,62,66,88,73,81,59,17,39,8,11,39,60,71,53,75,65,71,54,48,46,76,70,50
39-2021,Animal caretakers,66,89,97,66,94,71,29,35,14,21,64,40,64,57,59,37,81,41,43,31,75,59,52
39-3011,Gambling dealers,88,85,88,85,91,49,28,7,10,2,20,41,59,39,69,30,61,31,36,27,10,25,23
39-3012,Gambling and sports book writers and runners,85,86,80,79,91,29,33,12,28,22,41,40,63,56,78,24,65,50,39,38,44,13,27
39-3021,Motion picture projectionists,34,62,83,47,63,51,65,6,54,45,69,34,43,23,54,30,71,36,22,32,71,64,45
39-3031,"Ushers, lobby attendants, and ticket takers",82,74,92,89,97,35,47,6,26,21,39,37,54,53,75,27,54,38,39,33,68,32,34
39-3091,Amusement and recreation attendants,72,80,100,96,99,43,29,17,17,19,67,45,58,53,86,23,66,37,52,28,33,36,21
39-3092,Costume attendants,76,96,93,44,87,77,51,14,12,28,53,41,70,55,15,39,80,60,51,47,62,71,41
39-3093,"Locker room, coatroom, and dressing room attendants",64,74,86,86,93,47,26,29,15,15,32,30,72,43,70,22,50,40,35,21,64,5,28
39-4011,Embalmers,81,79,99,91,89,83,57,66,16,28,59,38,71,89,73,27,71,52,38,28,99,91,81
39-4021,Funeral attendants,79,91,77,83,83,68,50,75,29,35,69,50,72,86,86,57,72,61,58,57,91,38,50
39-4031,"Morticians, undertakers, and funeral arrangers",72,80,91,93,94,58,38,75,22,28,52,59,88,93,95,77,74,76,62,68,100,96,70
39-5011,Barbers,95,56,82,59,95,61,48,12,40,42,53,24,69,62,92,35,34,38,31,22,90,15,18
39-5012,"Hairdressers, hairstylists, and cosmetologists",92,73,96,87,96,54,37,30,34,34,34,49,75,73,82,52,60,49,56,40,99,30,30
39-5091,"Makeup artists, theatrical and performance",86,84,90,51,90,59,25,7,8,12,41,51,72,56,47,48,74,60,51,56,78,91,57
39-5092,Manicurists and pedicurists,90,62,71,35,88,27,31,21,23,19,33,34,55,49,61,38,31,33,19,26,48,6,16
39-5093,Shampooers,91,86,89,76,98,44,33,14,17,12,54,39,58,63,66,38,69,51,37,44,72,7,33
39-5094,Skincare specialists,99,85,92,69,81,63,39,14,8,8,39,43,70,71,93,55,26,43,42,22,56,7,18
39-6011,Baggage porters and bellhops,78,82,79,84,85,84,63,82,23,41,76,58,63,77,92,56,73,51,57,42,81,43,24
39-6012,Concierges,70,87,97,88,97,35,18,17,17,7,30,63,92,78,80,47,87,65,58,61,99,99,85
39-7010,Tour and travel guides,66,82,89,90,87,26,22,26,13,13,31,43,78,43,81,34,66,44,39,38,71,68,52
39-9011,Childcare workers,75,75,91,42,84,45,18,29,7,8,42,53,65,87,32,36,71,51,52,37,66,55,59
39-9031,Exercise trainers and group fitness instructors,85,58,92,73,95,63,36,8,15,17,35,76,82,73,82,47,58,49,33,47,63,79,39
39-9032,Recreation workers,72,87,90,64,95,52,37,37,35,34,57,66,80,68,73,64,85,75,74,58,89,62,55
39-9041,Residential advisors,62,83,87,61,89,43,22,31,21,17,67,63,84,94,62,48,80,70,65,57,80,90,48
41-1011,First-line supervisors of retail sales workers,66,94,99,89,96,48,32,16,14,11,35,72,70,53,77,45,71,70,65,67,94,77,65
41-1012,First-line supervisors of non-retail sales workers,51,92,98,81,93,32,45,35,24,18,43,85,69,48,48,63,89,72,71,85,99,100,73
41-2011,Cashiers,75,84,87,88,96,52,59,21,22,21,49,50,69,61,86,34,70,52,49,42,77,29,19
41-2012,Gambling change persons and booth cashiers,70,67,93,82,97,46,42,19,42,41,53,58,72,54,85,46,76,55,60,54,75,21,50
41-2021,Counter and rental clerks,68,88,100,86,98,47,42,61,36,43,59,48,55,55,86,37,71,42,49,39,100,75,37
41-2022,Parts salespersons,67,88,83,99,99,70,53,67,45,48,58,50,73,44,83,47,82,54,56,50,100,77,34
41-2031,Retail salespersons,69,84,97,90,97,61,49,21,22,22,38,38,75,51,93,32,66,47,45,33,90,72,42
41-3011,Advertising sales agents,55,84,93,95,95,16,12,38,10,2,19,39,88,34,82,56,75,39,44,33,100,100,78
41-3021,Insurance sales agents,61,67,98,99,93,17,12,25,12,6,27,27,81,26,60,41,57,34,40,30,100,100,72
41-3031,"Securities, commodities, and financial services sales agents",52,80,93,80,92,6,11,12,8,4,18,42,80,27,45,52,73,36,42,34,99,98,64
41-3041,Travel agents,55,61,76,86,86,15,11,12,18,22,30,41,73,35,77,39,70,45,24,37,100,100,77
41-4011,"Sales representatives, wholesale and manufacturing, technical and scientific products",47,87,91,81,91,22,12,29,13,11,32,29,69,30,39,47,63,43,38,24,100,100,67
41-4012,"Sales representatives, wholesale and manufacturing, except technical and scientific products",52,98,91,98,100,56,36,75,2,1,25,40,82,49,70,33,81,44,30,36,100,94,59
41-9011,Demonstrators and product promoters,67,71,82,86,96,52,40,15,19,13,54,41,79,42,94,40,70,43,57,36,58,66,54
41-9012,Models,59,58,75,29,92,32,7,7,5,5,14,8,54,22,39,16,36,23,16,12,50,61,19
41-9021,Real estate brokers,54,82,95,87,92,12,17,32,15,5,43,47,83,38,54,55,65,50,37,40,100,100,79
41-9022,Real estate sales agents,71,66,93,72,99,25,15,68,19,15,45,58,85,57,80,66,71,63,69,49,99,100,82
41-9031,Sales engineers,36,81,90,92,91,25,23,32,16,19,42,46,87,36,40,60,84,44,53,38,100,96,68
41-9041,Telemarketers,77,69,80,69,100,18,15,2,13,9,19,25,59,26,32,19,54,20,20,15,100,27,51
41-9091,"Door-to-door sales workers, news and street vendors, and related workers",67,51,79,93,87,35,11,28,7,3,15,66,82,39,87,40,58,41,64,60,89,87,54
43-1011,First-line supervisors of office and administrative support workers,47,88,98,75,93,42,33,24,21,19,50,74,68,55,51,62,80,65,67,68,98,89,65
43-2011,"Switchboard operators, including answering service",63,82,79,93,98,38,27,14,21,13,39,33,73,62,73,37,76,32,48,31,94,71,58
43-2021,Telephone operators,68,67,55,95,98,19,14,2,10,10,34,49,69,54,42,34,82,36,58,22,100,19,27
43-3011,Bill and account collectors,45,63,70,74,98,25,11,1,5,4,39,38,65,33,38,31,73,33,46,47,91,74,69
43-3021,Billing and posting clerks,59,79,85,61,94,26,24,7,11,4,28,32,66,43,72,36,79,35,39,20,92,78,76
43-3031,"Bookkeeping, accounting, and auditing clerks",44,73,89,65,87,20,22,7,4,3,17,30,74,29,52,37,71,39,35,23,95,98,70
43-3041,Gambling cage workers,77,85,94,89,99,48,29,15,14,12,34,39,68,47,85,22,74,34,36,26,71,20,52
43-3051,Payroll and timekeeping clerks,37,73,90,52,82,15,19,8,12,3,34,29,69,39,24,28,76,37,30,23,98,98,60
43-3061,Procurement clerks,51,90,90,84,97,20,19,12,19,8,29,39,69,37,27,31,78,34,35,36,99,100,65
43-3071,Tellers,76,88,97,77,99,38,47,19,36,19,50,41,80,58,83,39,79,48,47,42,97,96,61
43-4011,Brokerage clerks,68,84,92,86,96,10,8,1,0,1,17,28,70,26,24,31,55,25,29,17,100,100,44
43-4021,Correspondence clerks,43,84,95,87,93,27,23,19,17,21,21,38,74,43,44,40,86,39,41,33,95,94,74
43-4031,"Court, municipal, and license clerks",59,78,96,84,95,28,25,8,12,9,28,33,64,38,77,33,71,40,32,31,92,85,74
43-4041,"Credit authorizers, checkers, and clerks",62,91,93,92,97,5,6,4,5,1,11,52,77,41,61,24,83,55,61,35,100,96,88
43-4051,Customer service representatives,58,69,86,76,96,22,22,10,20,10,29,53,78,40,63,41,80,38,42,44,100,87,78
43-4061,"Eligibility interviewers, government programs",56,71,87,86,94,24,16,17,7,4,23,36,77,59,80,31,74,30,41,28,96,89,86
43-4071,File clerks,47,83,73,72,87,51,37,25,19,17,39,32,67,46,34,25,67,33,34,25,100,90,77
43-4081,"Hotel, motel, and resort desk clerks",64,95,96,93,99,41,25,18,18,15,39,52,73,55,85,43,81,58,50,48,96,92,68
43-4111,"Interviewers, except eligibility and loan",79,98,95,84,100,25,23,26,27,23,32,65,84,67,81,59,91,64,67,58,93,98,59
43-4121,"Library assistants, clerical",73,84,96,71,89,76,22,2,28,2,31,47,79,58,72,26,78,44,37,32,90,94,60
43-4131,Loan interviewers and clerks,45,78,91,93,99,18,25,1,21,13,55,38,75,34,85,24,78,29,49,24,100,83,88
43-4141,New accounts clerks,72,78,92,87,97,24,33,10,4,3,34,49,77,52,70,32,78,42,45,51,98,97,62
43-4151,Order clerks,56,88,89,83,96,27,23,22,32,34,57,41,67,40,58,47,90,58,57,37,100,98,66
43-4161,"Human resources assistants, except payroll and timekeeping",53,91,88,75,98,26,26,11,15,8,32,46,89,57,48,47,91,49,45,36,98,100,63
43-4171,Receptionists and information clerks,52,86,93,91,100,44,21,7,20,2,27,42,77,71,87,18,80,36,49,28,99,90,77
43-4181,Reservation and transportation ticket agents and travel clerks,81,86,90,91,100,72,49,29,13,7,67,37,82,67,93,48,81,46,41,43,89,53,43
43-5011,Cargo and freight agents,57,79,85,64,90,47,39,39,23,31,44,35,66,34,44,39,69,43,35,38,95,89,62
43-5021,Couriers and messengers,45,78,93,59,92,65,42,75,19,22,25,10,59,40,43,16,66,9,10,10,99,86,54
43-5031,Public safety telecommunicators,60,88,85,98,99,21,27,11,35,17,40,57,72,64,91,38,92,45,46,45,100,93,70
43-5032,"Dispatchers, except police, fire, and ambulance",62,92,99,72,98,25,34,31,18,22,47,52,70,47,62,38,72,71,45,53,100,90,73
43-5041,"Meter readers, utilities",37,73,65,77,69,63,39,76,31,32,70,31,62,39,61,30,71,36,42,25,69,30,35
43-5051,Postal service clerks,82,77,68,86,90,68,39,31,22,19,43,40,65,38,75,46,71,44,44,33,72,42,39
43-5052,Postal service mail carriers,57,47,81,76,70,74,12,80,10,15,32,22,49,22,62,20,48,13,13,14,40,6,37
43-5053,"Postal service mail sorters, processors, and processing machine operators",63,76,81,10,70,70,52,31,25,24,40,47,58,40,20,39,69,40,31,20,23,19,27
43-5061,"Production, planning, and expediting clerks",52,90,93,49,93,44,43,33,23,31,63,44,62,44,20,50,82,52,52,50,97,88,59
43-5071,"Shipping, receiving, and inventory clerks",46,82,97,80,87,72,52,58,28,29,55,48,57,38,47,40,81,53,44,45,86,96,57
43-5111,"Weighers, measurers, checkers, and samplers, recordkeeping",58,78,90,56,86,70,69,47,46,43,72,64,63,44,37,45,85,68,61,55,68,53,42
43-6011,Executive secretaries and executive administrative assistants,39,90,91,72,93,44,24,11,17,13,32,43,88,62,53,33,91,55,46,35,100,99,77
43-6012,Legal secretaries and administrative assistants,41,80,95,81,90,17,16,6,20,4,7,35,70,37,37,17,72,37,33,35,99,100,92
43-6013,Medical secretaries and administrative assistants,59,85,96,65,93,37,36,17,19,12,34,40,75,77,82,47,81,64,45,34,98,96,79
43-6014,"Secretaries and administrative assistants, except legal, medical, and executive",43,90,91,75,97,27,28,16,15,8,25,32,69,54,47,29,79,40,35,18,98,94,81
43-9021,Data entry keyers,57,76,86,34,81,36,35,14,16,16,27,39,64,35,42,32,82,45,44,46,80,83,32
43-9022,Word processors and typists,47,76,90,87,92,35,36,11,14,12,45,32,74,53,52,30,75,28,34,26,100,97,68
43-9031,Desktop publishers,51,73,92,52,79,30,30,8,32,20,34,46,62,31,36,46,73,60,45,37,77,100,35
43-9041,Insurance claims and policy processing clerks,49,79,73,68,85,17,17,3,5,0,28,26,69,40,44,29,78,32,40,17,95,100,77
43-9051,"Mail clerks and mail machine operators, except postal service",73,84,87,66,91,68,63,41,30,42,60,37,56,53,23,41,65,47,33,35,97,93,67
43-9061,"Office clerks, general",64,87,91,82,93,27,27,21,15,14,38,31,63,40,49,17,76,37,33,25,97,94,67
43-9071,"Office machine operators, except computer",56,70,71,67,77,54,60,22,45,34,44,40,56,34,45,30,62,56,40,37,78,88,49
43-9081,Proofreaders and copy markers,53,88,81,40,93,16,4,0,25,0,8,7,70,12,10,10,56,15,22,6,66,93,35
43-9111,Statistical assistants,45,77,93,50,76,12,14,4,6,4,10,53,78,34,43,50,85,52,53,35,85,100,44
45-1011,"First-line supervisors of farming, fishing, and forestry workers",46,80,90,56,84,69,69,72,37,61,72,51,61,34,28,38,76,68,54,63,88,70,52
45-2011,Agricultural inspectors,68,74,84,82,90,50,34,59,28,23,73,42,76,38,57,46,86,47,45,37,75,64,46
45-2021,Animal breeders,33,44,54,47,58,71,39,36,15,21,50,31,61,39,34,43,44,18,30,22,62,49,24
45-2041,"Graders and sorters, agricultural products",84,70,89,19,65,90,46,37,13,16,51,47,52,36,9,38,82,44,33,44,20,19,15
45-2091,Agricultural equipment operators,39,70,79,22,67,79,79,86,42,69,82,48,80,60,26,38,73,65,63,64,61,31,21
45-2092,"Farmworkers and laborers, crop, nursery, and greenhouse",31,66,82,30,52,64,41,30,6,25,37,30,47,27,33,22,53,38,33,28,39,7,16
45-2093,"Farmworkers, farm, ranch, and aquacultural animals",64,66,80,52,78,68,62,69,30,45,60,38,60,44,52,31,66,52,55,50,75,35,13
45-3031,Fishing and hunting workers,44,49,77,32,64,68,44,59,23,55,60,32,49,21,34,26,39,33,25,30,61,38,38
45-4011,Forest and conservation workers,67,80,94,83,93,72,53,76,46,57,61,46,74,47,81,39,78,65,62,47,93,94,58
45-4021,Fallers,7,60,70,21,46,80,83,69,10,62,64,17,54,35,12,15,49,29,19,16,43,8,7
45-4022,Logging equipment operators,14,84,86,37,78,69,91,92,42,84,76,52,70,63,27,56,73,55,63,51,76,24,33
45-4023,Log graders and scalers,48,63,89,57,70,61,50,65,37,45,72,42,58,35,50,47,71,49,44,47,63,50,37
47-1011,First-line supervisors of construction trades and extraction workers,75,90,99,65,92,70,64,62,47,52,78,56,75,51,53,55,87,83,66,68,89,85,69
47-2011,Boilermakers,69,81,83,45,79,89,89,81,42,83,80,43,65,56,27,38,76,41,56,60,64,37,50
47-2021,Brickmasons and blockmasons,83,82,76,44,73,79,56,69,14,55,78,51,58,36,32,41,73,72,61,56,78,38,44
47-2022,Stonemasons,80,71,87,36,85,91,43,56,11,49,70,59,68,31,38,53,79,73,45,50,69,9,46
47-2031,Carpenters,80,88,95,58,89,77,62,70,24,48,75,53,60,40,37,36,76,66,57,59,75,27,45
47-2041,Carpet installers,59,70,90,59,83,87,60,61,20,39,73,41,47,23,49,33,67,48,38,43,85,5,20
47-2042,"Floor layers, except carpet, wood, and hard tiles",70,65,100,58,91,66,46,38,11,32,60,36,55,36,52,31,74,52,53,45,80,1,24
47-2043,Floor sanders and finishers,49,67,94,53,74,75,77,62,42,67,83,53,60,46,69,49,76,65,48,57,74,19,20
47-2044,Tile and stone setters,64,79,88,63,79,81,54,47,25,42,63,44,52,15,45,32,60,48,36,43,86,11,32
47-2051,Cement masons and concrete finishers,86,83,84,42,74,83,79,65,23,58,83,52,50,42,31,39,67,69,62,58,56,31,26
47-2053,Terrazzo workers and finishers,67,83,82,29,64,79,76,62,42,53,73,48,56,37,40,39,70,63,47,48,60,11,23
47-2061,Construction laborers,65,79,95,30,89,77,84,77,48,75,94,48,61,42,59,64,71,66,68,46,83,11,10
47-2071,"Paving, surfacing, and tamping equipment operators",74,68,83,52,63,60,85,74,38,65,84,56,50,52,36,39,64,43,54,58,80,34,35
47-2072,Pile driver operators,73,90,90,36,88,85,92,90,31,82,89,35,51,38,30,36,67,43,32,37,62,29,40
47-2073,Operating engineers and other construction equipment operators,70,76,96,62,91,74,91,90,38,79,85,59,67,53,68,41,75,65,47,49,77,9,35
47-2081,Drywall and ceiling tile installers,61,73,88,49,67,68,39,39,18,25,58,37,42,38,21,25,56,52,38,37,77,22,39
47-2082,Tapers,55,70,89,31,59,47,44,54,2,34,67,29,38,34,25,30,57,44,23,32,67,9,33
47-2111,Electricians,75,76,91,51,90,74,55,63,57,56,74,45,45,39,56,36,66,60,46,54,81,58,41
47-2121,Glaziers,69,85,97,65,85,88,64,63,24,31,70,35,50,34,54,30,71,44,34,39,96,16,45
47-2131,"Insulation workers, floor, ceiling, and wall",58,73,81,48,68,81,58,67,23,57,68,46,42,39,45,29,70,38,47,43,66,13,16
47-2132,"Insulation workers, mechanical",59,82,92,55,89,76,41,49,19,23,69,52,46,50,36,48,66,68,56,55,77,13,46
47-2141,"Painters, construction and maintenance",64,80,91,38,84,63,50,62,23,41,73,55,63,56,55,45,69,71,56,59,62,18,25
47-2142,Paperhangers,44,59,71,37,71,77,36,68,17,27,68,37,62,30,45,22,58,45,39,41,52,5,35
47-2151,Pipelayers,87,89,94,56,92,90,85,88,35,65,86,49,59,48,38,35,80,46,41,37,67,19,34
47-2152,"Plumbers, pipefitters, and steamfitters",64,77,84,62,80,69,57,56,34,50,70,47,56,35,51,42,70,49,49,40,80,46,46
47-2161,Plasterers and stucco masons,61,83,91,28,78,72,58,61,25,49,68,52,59,52,58,34,63,66,46,57,60,16,23
47-2171,Reinforcing iron and rebar workers,71,80,80,41,86,87,50,50,25,36,69,53,44,36,18,32,63,61,53,48,74,28,34
47-2181,Roofers,77,79,91,59,88,81,60,65,33,60,77,66,53,43,48,34,71,62,58,61,89,20,44
47-2211,Sheet metal workers,67,85,93,56,82,71,69,65,35,46,70,43,60,40,38,33,72,49,44,59,61,35,37
47-2221,Structural iron and steel workers,87,85,83,51,85,85,71,73,13,37,81,38,53,38,18,26,75,50,54,45,61,33,45
47-2231,Solar photovoltaic installers,68,65,82,52,74,87,56,63,60,52,81,54,62,48,52,50,66,62,57,56,72,47,32
47-3011,"Helpers--brickmasons, blockmasons, stonemasons, and tile and marble setters",66,82,97,57,65,86,70,73,26,42,81,38,45,43,26,28,69,57,55,44,65,3,23
47-3012,Helpers--carpenters,77,77,92,39,84,84,67,73,53,59,80,38,43,39,26,19,70,51,47,24,69,26,25
47-3013,Helpers--electricians,67,71,100,55,83,74,42,54,57,30,64,51,68,48,35,35,58,47,46,33,68,7,20
47-3014,"Helpers--painters, paperhangers, plasterers, and stucco masons",61,88,94,38,86,64,32,48,9,48,63,31,48,36,18,30,75,39,33,31,64,2,15
47-3015,"Helpers--pipelayers, plumbers, pipefitters, and steamfitters",67,73,81,60,79,76,69,57,32,61,82,35,60,54,52,51,61,55,38,54,65,6,38
47-3016,Helpers--roofers,62,79,84,50,63,55,49,67,59,57,70,62,58,61,51,61,68,67,63,56,41,20,21
47-4011,Construction and building inspectors,64,75,93,70,85,44,39,50,23,20,78,48,61,27,56,54,69,43,40,50,91,95,71
47-4021,Elevator and escalator installers and repairers,64,68,95,68,77,86,79,70,93,94,75,55,70,44,57,45,73,53,56,43,90,36,46
47-4031,Fence erectors,74,76,93,67,84,68,73,66,35,46,60,50,63,53,42,41,67,58,48,57,84,11,52
47-4041,Hazardous materials removal workers,67,77,95,59,74,71,54,53,43,52,73,46,67,48,42,50,77,55,62,49,78,45,54
47-4051,Highway maintenance workers,68,91,95,68,81,47,67,76,30,38,81,46,85,74,76,49,85,71,73,56,64,43,24
47-4061,Rail-track laying and maintenance equipment operators,85,84,97,40,89,86,73,87,30,71,85,55,59,49,45,45,81,69,55,57,85,29,58
47-4071,Septic tank servicers and sewer pipe cleaners,77,87,93,86,90,64,60,85,27,54,63,40,60,33,60,29,65,43,25,22,94,46,58
47-4090,Miscellaneous construction and related workers,67,84,96,81,90,78,64,76,28,64,77,65,65,50,58,48,74,71,71,66,89,53,65
47-5011,"Derrick operators, oil and gas",87,89,83,50,89,75,86,63,39,80,80,54,52,36,26,35,67,56,49,41,56,4,37
47-5012,"Rotary drill operators, oil and gas",80,97,99,57,84,84,86,76,45,78,89,60,56,52,25,51,79,65,61,65,65,14,51
47-5013,"Service unit operators, oil and gas",79,90,92,51,96,74,93,68,46,74,89,77,79,73,24,63,85,84,70,67,76,43,51
47-5022,"Excavating and loading machine and dragline operators, surface mining",40,87,88,30,85,80,85,91,42,68,85,61,61,55,37,46,77,64,54,57,57,16,33
47-5041,Continuous mining machine operators,59,90,96,6,86,64,84,79,58,73,76,42,49,50,12,41,72,55,53,42,31,9,24
47-5043,"Roof bolters, mining",77,90,99,2,88,76,85,86,63,81,88,48,25,51,2,43,73,58,41,52,29,1,11
47-5044,"Loading and moving machine operators, underground mining",59,86,78,28,65,44,52,83,40,62,85,37,37,22,17,23,51,33,31,26,18,5,26
47-5051,"Rock splitters, quarry",43,70,62,29,55,71,65,60,14,51,63,28,47,42,10,28,53,42,34,27,21,8,2
47-5071,"Roustabouts, oil and gas",89,91,98,60,87,84,69,61,14,48,88,36,52,47,29,24,67,34,46,30,72,7,47
47-5081,Helpers--extraction workers,80,87,96,44,83,94,94,93,60,89,85,72,61,71,32,55,87,65,66,62,72,24,46
47-5097,"Earth drillers, except oil and gas; and explosives workers, ordnance handling experts, and blasters",54,70,92,45,80,76,80,77,41,71,85,51,52,52,48,41,70,61,55,58,77,33,50
49-1011,"First-line supervisors of mechanics, installers, and repairers",59,84,88,60,95,64,66,75,61,67,75,62,56,50,32,58,79,75,75,74,96,85,47
49-2011,"Computer, automated teller, and office machine repairers",63,64,84,80,78,52,45,61,91,72,75,29,41,23,48,36,54,22,20,28,98,88,33
49-2021,"Radio, cellular, and tower equipment installers and repairers",76,84,91,86,82,65,49,54,83,64,85,50,53,40,27,44,63,57,57,38,83,85,59
49-2022,"Telecommunications equipment installers and repairers, except line installers",62,70,82,81,89,66,46,78,66,43,67,37,63,49,71,46,77,44,37,25,92,94,45
49-2091,Avionics technicians,66,76,90,49,77,64,67,49,83,64,75,50,65,41,29,55,76,55,52,42,69,73,33
49-2092,"Electric motor, power tool, and related repairers",60,76,92,54,73,72,77,66,81,81,78,61,59,39,21,46,78,61,57,50,70,44,41
49-2093,"Electrical and electronics installers and repairers, transportation equipment",54,63,87,28,76,73,78,64,58,61,80,50,50,34,34,53,82,60,45,47,47,55,36
49-2094,"Electrical and electronics repairers, commercial and industrial equipment",64,82,91,41,84,62,68,33,86,67,76,52,66,36,13,39,71,39,32,45,62,83,44
49-2095,"Electrical and electronics repairers, powerhouse, substation, and relay",88,90,97,38,93,60,73,59,85,74,83,53,60,42,16,45,71,43,26,37,86,86,57
49-2096,"Electronic equipment installers and repairers, motor vehicles",58,81,84,61,67,85,47,71,62,43,64,60,61,45,60,67,62,59,49,62,69,49,30
49-2097,Audiovisual equipment installers and repairers,40,34,67,49,80,56,41,45,83,32,65,42,58,42,60,44,64,42,35,33,93,64,32
49-2098,Security and fire alarm systems installers,63,76,94,83,89,75,45,65,84,51,78,40,60,25,54,34,77,45,29,45,100,78,63
49-3011,Aircraft mechanics and service technicians,54,58,81,58,61,72,70,76,71,85,88,59,61,58,35,51,80,59,53,55,65,38,37
49-3021,Automotive body and related repairers,46,53,86,33,64,66,51,73,43,62,72,51,50,38,43,38,70,45,41,43,39,1,33
49-3022,Automotive glass installers and repairers,50,65,97,70,88,77,42,57,20,33,43,19,48,12,60,29,53,29,27,20,96,37,41
49-3023,Automotive service technicians and mechanics,54,66,90,55,80,73,65,80,63,75,70,45,57,40,47,45,67,45,43,41,71,49,42
49-3031,Bus and truck mechanics and diesel engine specialists,62,66,87,59,82,62,52,71,56,79,70,41,53,44,34,32,66,46,34,52,86,54,54
49-3041,Farm equipment mechanics and service technicians,53,63,97,61,79,71,67,80,57,77,75,32,56,37,52,33,69,29,26,36,64,37,73
49-3042,"Mobile heavy equipment mechanics, except engines",48,83,92,60,82,81,80,87,70,91,85,45,65,47,37,52,71,49,43,46,83,73,53
49-3043,Rail car repairers,65,76,88,46,75,73,66,74,38,65,81,48,51,47,22,41,65,41,45,41,41,33,39
49-3051,Motorboat mechanics and service technicians,64,69,93,71,83,78,67,78,60,75,68,33,60,28,53,37,61,34,32,31,86,40,48
49-3052,Motorcycle mechanics,48,84,84,66,90,81,80,88,69,84,84,37,58,46,60,50,77,45,50,42,56,67,66
49-3053,Outdoor power equipment and other small engine mechanics,53,48,67,64,86,73,67,66,43,91,75,49,54,45,49,40,61,45,33,34,71,34,24
49-3091,Bicycle repairers,65,57,83,96,85,81,60,35,23,77,69,39,64,79,92,62,78,50,48,69,100,78,14
49-3092,Recreational vehicle service technicians,53,66,80,73,72,72,61,65,55,73,78,50,57,47,53,45,67,44,48,41,56,39,48
49-3093,Tire repairers and changers,65,85,90,79,88,74,60,77,28,54,73,51,50,42,61,42,74,51,35,35,75,42,29
49-9011,Mechanical door repairers,73,73,87,72,85,71,53,80,52,64,69,36,54,43,63,44,63,53,38,39,95,50,45
49-9012,"Control and valve installers and repairers, except mechanical door",65,85,99,68,88,72,58,71,58,85,83,48,62,50,34,40,81,49,44,51,91,75,56
49-9021,"Heating, air conditioning, and refrigeration mechanics and installers",61,79,90,71,89,78,76,77,74,84,80,61,69,49,66,50,74,66,55,64,89,63,38
49-9031,Home appliance repairers,67,65,93,91,96,76,34,78,55,65,62,41,56,27,77,35,59,44,42,38,97,64,43
49-9041,Industrial machinery mechanics,67,84,89,19,81,66,71,71,53,77,75,49,51,48,6,41,69,54,39,44,53,48,27
49-9043,"Maintenance workers, machinery",73,75,90,35,82,70,77,60,59,89,81,40,56,31,16,43,67,40,37,28,50,31,41
49-9044,Millwrights,77,84,99,40,83,88,73,75,31,94,85,73,62,45,23,50,78,75,70,66,74,66,54
49-9045,"Refractory materials repairers, except brickmasons",80,79,67,16,81,82,53,67,16,48,65,46,44,41,9,37,64,48,39,30,47,4,44
49-9051,Electrical power-line installers and repairers,79,97,98,67,89,85,84,92,50,55,85,56,53,45,50,40,68,52,44,51,86,73,33
49-9052,Telecommunications line installers and repairers,64,82,86,75,95,75,58,80,57,50,67,43,59,60,68,45,71,48,50,45,92,57,52
49-9061,Camera and photographic equipment repairers,38,42,85,53,61,45,36,3,78,62,64,24,47,20,44,36,47,31,12,27,68,71,47
49-9062,Medical equipment repairers,52,61,83,66,74,63,54,36,83,71,82,48,54,52,36,47,59,43,45,41,82,77,48
49-9063,Musical instrument repairers and tuners,48,42,93,84,75,72,69,35,28,68,70,46,65,23,78,43,60,38,35,40,98,93,58
49-9064,Watch and clock repairers,66,55,84,57,67,54,65,26,50,83,73,18,46,30,69,27,30,19,10,14,79,47,39
49-9071,"Maintenance and repair workers, general",62,83,94,63,93,79,77,79,72,83,87,45,59,48,49,37,84,53,49,42,90,86,50
49-9081,Wind turbine service technicians,87,88,97,35,92,87,91,82,95,97,92,54,55,56,10,46,79,60,62,56,76,94,50
49-9091,"Coin, vending, and amusement machine servicers and repairers",58,44,67,65,78,55,36,53,50,61,49,22,41,23,52,16,52,16,22,10,80,85,33
49-9092,Commercial divers,75,88,89,50,90,80,68,73,41,65,80,55,56,58,46,43,79,63,54,58,79,60,54
49-9094,Locksmiths and safe repairers,62,64,99,83,91,73,75,73,49,72,62,60,65,35,75,57,63,53,37,50,99,95,70
49-9095,Manufactured building and mobile home installers,73,70,69,37,69,89,91,90,41,80,93,75,81,51,77,62,87,87,82,88,77,4,12
49-9096,Riggers,73,85,94,52,90,78,69,50,48,56,81,39,59,44,19,34,79,38,58,31,80,43,51
49-9097,Signal and track switch repairers,40,89,89,49,76,56,52,64,51,69,70,38,51,39,14,34,60,46,35,26,89,60,16
49-9098,"Helpers--installation, maintenance, and repair workers",64,79,93,60,75,69,64,62,64,80,87,50,67,38,23,37,72,48,50,40,73,67,26
49-9099,"Installation, maintenance, and repair workers, all other",42,82,97,37,84,79,82,81,60,74,73,60,58,49,13,49,83,65,58,42,94,89,59
51-1011,First-line supervisors of production and operating workers,65,88,94,48,96,56,71,50,52,56,80,74,66,39,24,57,84,67,67,79,75,85,43
51-2011,"Aircraft structure, surfaces, rigging, and systems assemblers",60,77,95,32,74,70,80,45,48,44,72,43,66,38,21,38,68,51,45,49,31,18,11
51-2021,"Coil winders, tapers, and finishers",58,72,83,26,66,70,59,24,29,34,78,54,54,41,26,37,51,40,47,30,27,6,14
51-2028,"Electrical, electronic, and electromechanical assemblers, except coil winders, tapers, and finishers",59,74,87,33,68,64,62,29,46,39,71,42,51,36,22,37,61,43,49,36,28,40,33
51-2031,Engine and other machine assemblers,69,80,93,45,79,83,83,53,44,54,75,41,59,39,18,40,65,43,45,31,40,38,32
51-2041,Structural metal fabricators and fitters,60,66,93,56,80,65,66,63,23,51,62,25,47,31,18,21,56,44,31,18,61,27,33
51-2051,Fiberglass laminators and fabricators,87,84,90,35,80,66,66,47,26,48,78,46,57,32,25,42,66,49,52,45,14,5,18
51-2061,Timing device assemblers and adjusters,45,66,91,11,80,72,65,47,45,77,68,36,51,29,42,40,62,21,24,35,71,52,41
51-2090,Miscellaneous assemblers and fabricators,66,82,95,25,78,85,69,29,36,40,79,56,63,37,17,38,65,50,43,45,39,39,23
51-3011,Bakers,55,72,81,60,86,45,39,19,13,10,71,49,46,45,37,20,58,40,28,43,69,47,27
51-3021,Butchers and meat cutters,77,85,83,87,88,63,64,38,36,42,69,60,63,49,74,52,64,57,59,51,66,39,41
51-3022,"Meat, poultry, and fish cutters and trimmers",85,83,71,61,46,80,68,43,40,43,77,63,62,54,30,39,72,58,57,49,51,11,42
51-3023,Slaughterers and meat packers,73,89,78,58,73,68,50,17,21,40,64,37,40,28,25,26,55,34,36,29,26,11,33
51-3091,"Food and tobacco roasting, baking, and drying machine operators and tenders",35,68,85,38,74,63,74,52,49,49,71,53,59,41,40,53,74,58,50,54,31,29,29
51-3092,Food batchmakers,73,81,89,25,69,72,86,57,29,37,79,41,57,44,24,35,82,47,39,30,35,16,25
51-3093,Food cooking machine operators and tenders,69,89,87,50,85,74,79,36,21,32,78,43,36,21,7,39,75,27,27,18,44,26,16
51-4021,"Extruding and drawing machine setters, operators, and tenders, metal and plastic",51,62,75,8,61,71,92,42,23,40,74,54,58,32,12,53,75,54,55,47,38,23,20
51-4022,"Forging machine setters, operators, and tenders, metal and plastic",65,84,93,26,83,77,81,69,37,59,70,50,54,41,5,37,77,42,46,41,46,24,40
51-4023,"Rolling machine setters, operators, and tenders, metal and plastic",59,93,89,55,84,81,88,76,54,67,86,50,54,44,30,45,74,50,51,43,38,28,44
51-4031,"Cutting, punching, and press machine setters, operators, and tenders, metal and plastic",50,53,80,13,60,76,77,52,40,58,72,41,49,30,16,29,64,35,38,35,27,10,27
51-4032,"Drilling and boring machine tool setters, operators, and tenders, metal and plastic",48,75,89,19,67,67,85,40,34,51,67,47,62,47,12,41,78,41,32,29,32,40,26
51-4033,"Grinding, lapping, polishing, and buffing machine tool setters, operators, and tenders, metal and plastic",55,65,72,37,62,84,87,37,45,58,70,44,60,40,15,42,67,39,48,38,33,35,34
51-4034,"Lathe and turning machine tool setters, operators, and tenders, metal and plastic",48,70,78,22,54,68,86,41,41,62,78,52,50,24,10,38,64,38,35,34,20,7,28
51-4035,"Milling and planing machine setters, operators, and tenders, metal and plastic",53,69,92,18,63,62,79,44,33,41,62,58,66,39,18,35,57,54,40,40,45,33,34
51-4041,Machinists,57,70,88,41,69,66,92,45,32,69,81,44,50,26,10,40,67,49,42,36,35,38,32
51-4051,Metal-refining furnace operators and tenders,43,80,76,17,62,77,61,57,45,56,74,50,55,39,12,41,64,57,37,55,37,26,32
51-4052,"Pourers and casters, metal",57,68,76,23,47,72,71,69,49,60,78,47,49,42,27,42,64,46,46,45,18,6,14
51-4061,"Model makers, metal and plastic",71,75,100,48,66,65,83,45,32,70,64,38,52,32,16,43,59,47,42,31,48,53,35
51-4062,"Patternmakers, metal and plastic",64,79,100,27,87,49,85,41,43,53,67,39,41,17,4,42,67,28,20,42,71,70,58
51-4071,Foundry mold and coremakers,69,60,67,20,69,82,82,57,42,57,75,44,48,43,15,32,70,43,48,40,11,7,13
51-4072,"Molding, coremaking, and casting machine setters, operators, and tenders, metal and plastic",68,62,91,4,73,78,89,49,37,53,71,44,51,37,4,25,68,47,38,38,27,29,23
51-4081,"Multiple machine tool setters, operators, and tenders, metal and plastic",52,70,97,31,74,80,84,46,72,69,84,65,64,47,21,45,71,56,54,38,26,58,43
51-4111,Tool and die makers,42,75,92,21,80,63,69,41,30,68,64,40,38,23,0,42,70,41,37,34,43,56,37
51-4121,"Welders, cutters, solderers, and brazers",49,72,79,29,66,74,72,56,28,46,63,41,44,44,23,39,55,40,34,36,27,10,12
51-4122,"Welding, soldering, and brazing machine setters, operators, and tenders",42,59,75,11,53,85,72,69,45,61,72,44,47,38,18,36,70,52,42,38,28,9,23
51-4191,"Heat treating equipment setters, operators, and tenders, metal and plastic",61,75,78,16,75,81,80,71,36,46,65,54,58,26,20,37,69,35,35,35,48,23,56
51-4192,"Layout workers, metal and plastic",57,62,90,30,69,80,76,60,46,50,79,56,63,50,33,47,76,59,56,52,23,33,33
51-4193,"Plating machine setters, operators, and tenders, metal and plastic",59,79,90,29,73,83,76,67,18,40,74,51,49,38,16,39,80,42,42,50,22,16,21
51-4194,"Tool grinders, filers, and sharpeners",47,74,87,28,66,73,89,34,35,62,76,36,49,35,13,30,61,36,23,33,30,24,26
51-5111,Prepress technicians and workers,56,74,92,40,78,37,60,19,38,35,61,49,57,28,26,46,79,56,47,49,84,87,36
51-5112,Printing press operators,50,82,90,51,76,74,91,73,63,73,69,57,63,55,50,44,67,59,47,64,39,34,35
51-5113,Print binding and finishing workers,55,89,93,38,64,76,82,44,42,63,68,51,52,38,26,36,66,51,47,40,25,14,18
51-6011,Laundry and dry-cleaning workers,53,68,71,37,56,69,66,26,38,39,58,43,58,53,38,39,62,47,50,44,26,9,16
51-6021,"Pressers, textile, garment, and related materials",35,62,77,40,61,70,73,32,31,44,59,36,21,50,30,27,58,29,29,23,22,12,13
51-6031,Sewing machine operators,62,61,63,12,64,64,60,33,24,40,61,34,42,32,17,29,55,34,29,28,16,9,11
51-6041,Shoe and leather workers and repairers,55,57,77,52,86,53,44,4,15,23,42,22,44,28,30,24,49,21,24,21,68,4,14
51-6042,Shoe machine operators and tenders,61,60,62,6,50,74,86,22,15,40,77,31,61,34,26,23,66,35,41,22,10,0,11
51-6051,"Sewers, hand",37,26,74,60,51,76,62,5,24,32,59,37,56,20,65,35,31,25,16,35,80,60,43
51-6052,"Tailors, dressmakers, and custom sewers",65,67,69,75,70,42,71,30,6,40,51,16,33,28,51,23,42,21,25,25,76,41,41
51-6061,Textile bleaching and dyeing machine operators and tenders,46,65,91,4,78,68,66,28,34,40,71,30,52,43,17,24,68,41,48,39,27,8,7
51-6062,"Textile cutting machine setters, operators, and tenders",54,63,93,14,59,67,74,42,42,53,71,44,53,35,9,30,70,47,45,47,22,18,18
51-6063,"Textile knitting and weaving machine setters, operators, and tenders",44,49,64,19,53,84,78,25,35,55,74,46,41,32,12,19,67,31,37,32,11,6,17
51-6064,"Textile winding, twisting, and drawing out machine setters, operators, and tenders",64,75,70,16,67,68,61,36,27,57,66,30,34,30,14,25,67,27,31,33,12,7,28
51-6091,"Extruding and forming machine setters, operators, and tenders, synthetic and glass fibers",55,89,98,30,86,72,85,77,28,53,79,49,43,35,11,34,70,41,46,48,75,66,52
51-6092,Fabric and apparel patternmakers,49,88,95,39,88,52,40,18,21,18,65,39,60,36,6,40,80,49,46,38,76,67,61
51-6093,Upholsterers,62,52,70,40,66,75,55,40,18,42,72,46,50,35,49,39,53,58,37,39,28,1,12
51-7011,Cabinetmakers and bench carpenters,55,71,97,56,76,78,78,46,38,53,69,28,45,27,56,18,61,37,36,27,49,0,46
51-7021,Furniture finishers,54,69,72,11,58,70,47,31,16,42,72,46,63,48,34,46,66,51,45,46,24,10,19
51-7031,"Model makers, wood",51,74,94,26,81,74,69,43,19,35,63,36,54,26,42,27,53,33,45,32,75,26,28
51-7032,"Patternmakers, wood",66,79,85,59,80,72,81,53,29,60,71,39,47,22,10,24,61,40,26,27,66,67,39
51-7041,"Sawing machine setters, operators, and tenders, wood",57,68,83,5,74,78,78,57,23,57,66,36,44,29,10,31,60,31,41,37,30,17,17
51-7042,"Woodworking machine setters, operators, and tenders, except sawing",51,80,96,32,66,73,75,32,28,40,70,30,34,26,8,25,60,36,34,22,40,14,23
51-8011,Nuclear power reactor operators,73,97,100,28,92,24,79,30,32,29,76,52,57,24,14,42,83,63,51,51,99,97,56
51-8012,Power distributors and dispatchers,66,85,91,77,88,30,59,51,44,29,82,60,67,34,53,48,79,70,55,49,86,70,56
51-8013,Power plant operators,60,82,93,39,83,65,85,66,52,67,83,55,63,47,30,50,75,51,45,49,81,71,55
51-8021,Stationary engineers and boiler operators,60,83,81,30,89,61,81,57,64,82,93,61,66,46,27,57,83,54,57,46,88,71,52
51-8031,Water and wastewater treatment plant and system operators,50,75,93,51,78,55,85,52,62,72,79,53,65,52,57,48,78,55,42,53,89,74,41
51-8091,Chemical plant and system operators,64,78,100,17,84,63,80,35,22,52,71,36,46,22,8,32,68,50,36,32,90,64,60
51-8092,Gas plant operators,54,74,89,45,74,38,70,51,33,48,68,36,46,37,27,24,62,48,43,25,99,93,73
51-8093,"Petroleum pump system operators, refinery operators, and gaugers",69,78,96,37,89,44,85,49,40,48,81,52,60,41,19,41,72,51,50,45,86,77,72
51-8099,"Plant and system operators, all other",49,92,97,41,93,68,80,74,51,60,78,51,66,47,23,40,87,41,54,50,72,58,60
51-9011,Chemical equipment operators and tenders,51,85,93,17,79,65,80,68,40,48,80,60,72,52,21,51,78,61,60,50,70,85,54
51-9012,"Separating, filtering, clarifying, precipitating, and still machine setters, operators, and tenders",48,71,89,10,55,65,66,49,35,49,72,41,39,30,14,29,73,42,29,30,71,22,52
51-9021,"Crushing, grinding, and polishing machine setters, operators, and tenders",35,81,91,31,78,79,88,65,43,68,69,46,59,49,29,43,80,51,50,50,55,5,59
51-9022,"Grinding and polishing workers, hand",61,68,73,23,65,74,78,47,31,46,69,47,53,36,34,43,68,39,37,38,17,17,30
51-9023,"Mixing and blending machine setters, operators, and tenders",40,77,93,35,87,70,73,70,25,49,73,38,44,46,18,38,67,48,33,47,59,34,39
51-9031,"Cutters and trimmers, hand",34,62,47,4,60,67,54,34,34,35,54,45,56,44,22,46,61,46,41,32,1,2,33
51-9032,"Cutting and slicing machine setters, operators, and tenders",57,80,89,20,69,79,80,60,39,51,73,56,53,49,24,56,68,55,49,51,46,40,22
51-9041,"Extruding, forming, pressing, and compacting machine setters, operators, and tenders",66,79,84,29,76,71,86,41,51,61,77,45,50,41,13,40,75,45,42,44,47,14,25
51-9051,"Furnace, kiln, oven, drier, and kettle operators and tenders",61,70,85,12,66,80,84,68,36,45,82,41,49,43,12,24,77,53,40,43,23,10,32
51-9061,"Inspectors, testers, sorters, samplers, and weighers",61,88,98,49,89,68,58,44,41,33,83,47,49,45,24,36,81,33,47,39,68,80,55
51-9071,Jewelers and precious stone and metal workers,51,71,92,72,79,57,54,9,19,44,59,30,52,23,41,25,44,26,23,23,84,62,67
51-9081,Dental laboratory technicians,53,66,89,42,66,59,65,27,33,44,59,40,55,28,20,32,61,53,34,40,65,31,38
51-9082,Medical appliance technicians,71,74,85,69,82,57,61,21,32,39,72,39,53,58,53,40,68,53,45,39,80,70,47
51-9083,Ophthalmic laboratory technicians,63,77,80,58,60,60,60,13,43,34,51,31,56,45,37,28,51,43,38,35,63,46,34
51-9111,Packaging and filling machine operators and tenders,59,76,80,24,85,70,61,58,32,48,71,50,50,51,23,43,66,51,41,47,14,22,21
51-9123,"Painting, coating, and decorating workers",58,74,94,55,69,70,31,10,13,27,66,43,47,41,30,27,79,23,36,25,52,48,44
51-9124,"Coating, painting, and spraying machine setters, operators, and tenders",74,75,83,28,74,63,56,45,42,58,74,40,34,22,10,43,52,39,33,39,8,2,26
51-9141,Semiconductor processing technicians,60,75,73,18,68,80,81,42,45,41,66,51,63,50,21,25,73,55,50,38,69,39,32
51-9151,Photographic process workers and processing machine operators,58,70,97,76,82,43,81,2,56,65,69,42,67,33,74,41,55,34,24,39,86,54,57
51-9161,Computer numerically controlled tool operators,51,66,89,28,72,73,85,53,56,69,75,48,55,33,16,40,77,49,46,44,34,20,24
51-9162,Computer numerically controlled tool programmers,57,76,90,41,71,58,85,25,46,54,79,54,50,30,12,49,79,57,55,49,54,68,35
51-9191,Adhesive bonding machine operators and tenders,70,69,86,33,90,86,90,75,41,61,84,38,51,34,3,27,72,51,53,31,36,40,58
51-9192,"Cleaning, washing, and metal pickling equipment operators and tenders",32,78,81,6,67,78,76,68,36,55,85,42,71,47,23,36,81,46,46,33,20,9,46
51-9193,Cooling and freezing equipment operators and tenders,49,76,92,24,71,67,88,56,53,67,80,50,58,43,26,43,75,43,45,47,21,32,65
51-9194,Etchers and engravers,46,59,98,44,60,66,74,43,35,66,56,43,54,49,33,35,64,35,37,37,74,58,45
51-9195,"Molders, shapers, and casters, except metal and plastic",52,69,79,48,65,78,77,54,34,53,69,36,50,34,30,29,63,39,32,32,35,27,34
51-9196,"Paper goods machine setters, operators, and tenders",61,88,93,30,86,83,86,34,37,57,81,56,71,57,19,46,74,52,63,48,16,16,37
51-9197,Tire builders,63,50,85,27,70,84,80,61,26,58,84,40,55,40,37,45,70,51,57,47,19,7,37
51-9198,Helpers--production workers,54,72,83,25,71,79,75,53,38,58,63,36,52,44,28,31,63,35,38,31,18,18,29
53-1041,Aircraft cargo handling supervisors,68,96,99,81,97,76,64,74,40,34,73,67,69,51,66,40,84,78,70,76,99,100,66
53-1047,"First-line supervisors of transportation and material-moving workers, except aircraft cargo handling supervisors",61,89,97,75,96,53,47,65,21,28,56,69,76,47,50,53,90,80,74,75,97,92,65
53-2011,"Airline pilots, copilots, and flight engineers",76,89,91,59,86,43,83,91,29,18,96,55,47,39,43,34,75,31,52,45,61,76,37
53-2012,Commercial pilots,81,80,91,80,92,57,82,95,23,31,88,45,65,51,65,43,71,46,57,46,91,64,50
53-2021,Air traffic controllers,82,95,78,81,93,19,33,7,10,4,49,65,53,30,66,36,80,47,44,37,71,42,59
53-2022,Airfield operations specialists,71,94,97,94,98,54,59,92,33,34,93,64,68,49,63,49,85,67,63,58,98,93,64
53-2031,Flight attendants,93,88,93,97,97,76,32,16,9,9,72,30,63,77,95,30,59,52,35,32,54,86,33
53-3011,"Ambulance drivers and attendants, except emergency medical technicians",90,79,83,77,92,66,50,83,52,56,77,40,66,85,80,39,63,37,46,33,73,62,54
53-3031,Driver/sales workers,48,57,90,83,84,89,39,90,10,18,50,23,45,24,73,30,68,28,34,31,69,30,53
53-3032,Heavy and tractor-trailer truck drivers,42,56,75,67,73,60,70,90,29,53,83,33,59,42,60,35,68,40,41,32,79,28,32
53-3033,Light truck drivers,67,69,80,72,92,71,46,81,20,28,52,31,60,40,60,30,68,31,31,21,68,31,23
53-3052,"Bus drivers, transit and intercity",78,55,73,72,88,42,52,93,18,32,79,43,60,63,80,37,78,29,31,25,47,28,32
53-4011,Locomotive engineers,50,94,95,56,90,66,91,86,41,47,87,52,50,38,33,34,78,56,41,51,87,44,59
53-4013,"Rail yard engineers, dinkey operators, and hostlers",47,97,93,42,83,77,86,86,38,63,86,68,61,36,42,57,78,69,53,54,59,41,49
53-4022,"Railroad brake, signal, and switch operators and locomotive firers",43,84,93,40,82,65,68,69,23,37,78,48,53,31,33,30,69,50,39,40,77,17,54
53-4031,Railroad conductors and yardmasters,63,87,98,57,88,66,59,44,13,19,80,40,52,41,37,29,75,53,31,35,83,54,51
53-4041,Subway and streetcar operators,62,75,62,84,85,40,67,91,54,53,79,46,50,52,85,23,76,27,18,29,37,17,36
53-5011,Sailors and marine oilers,69,76,83,45,85,81,87,72,41,81,94,52,45,62,34,38,73,44,44,65,35,56,40
53-5021,"Captains, mates, and pilots of water vessels",71,87,93,57,88,58,75,87,43,55,83,62,60,46,37,49,71,56,55,62,88,74,54
53-5022,Motorboat operators,79,79,97,95,93,70,48,93,29,65,74,26,72,38,75,28,76,61,60,48,97,24,42
53-5031,Ship engineers,72,78,91,28,91,72,78,70,57,92,86,46,39,39,16,37,73,51,28,40,68,73,47
53-6011,Bridge and lock tenders,32,62,72,64,80,38,78,49,33,34,63,54,51,38,59,38,75,45,36,34,83,70,55
53-6021,Parking attendants,73,70,82,81,90,53,46,57,18,18,53,29,62,50,70,23,64,42,29,29,69,14,42
53-6031,Automotive and watercraft service attendants,60,78,99,85,88,69,77,72,46,56,64,44,53,42,71,39,61,40,29,38,96,40,29
53-6041,Traffic technicians,48,77,82,71,71,56,53,62,47,34,59,27,57,22,57,47,71,52,38,39,78,90,52
53-6051,Transportation inspectors,69,70,91,63,88,47,39,60,34,44,84,37,61,27,35,47,72,38,36,28,87,75,57
53-6061,Passenger attendants,93,60,66,56,79,34,17,31,20,21,40,33,70,70,44,21,59,27,45,37,19,14,26
53-7011,Conveyor operators and tenders,37,77,62,19,61,72,79,69,36,51,80,45,60,53,29,45,73,55,47,41,51,16,40
53-7021,Crane and tower operators,48,84,89,30,89,75,82,81,36,73,81,46,54,31,34,37,72,63,55,41,65,40,58
53-7031,Dredge operators,27,72,98,13,82,74,81,55,19,69,74,43,60,31,30,29,66,49,44,42,52,10,36
53-7041,Hoist and winch operators,58,94,94,38,77,79,78,78,41,81,74,44,45,48,17,28,77,44,50,66,44,5,32
53-7051,Industrial truck and tractor operators,55,75,86,37,77,85,63,88,44,57,86,62,57,47,37,48,69,56,47,49,45,20,22
53-7061,Cleaners of vehicles and equipment,55,72,90,32,59,50,44,59,16,21,50,25,42,28,27,20,48,33,26,24,38,28,28
53-7062,"Laborers and freight, stock, and material movers, hand",64,78,85,44,76,83,73,66,28,44,65,38,46,33,46,24,72,52,51,39,56,21,33
53-7063,Machine feeders and offbearers,47,71,77,22,72,76,72,34,19,39,59,33,48,36,9,28,57,33,36,21,20,14,24
53-7064,"Packers and packagers, hand",58,76,89,42,82,83,56,38,43,53,82,61,63,59,33,41,66,55,55,47,51,58,35
53-7065,Stockers and order fillers,69,79,96,63,87,73,46,37,16,16,44,42,61,41,53,31,73,48,49,36,69,44,48
53-7071,Gas compressor and gas pumping station operators,66,88,86,34,77,69,85,81,71,87,80,50,37,39,34,36,78,51,50,57,94,95,43
53-7072,"Pump operators, except wellhead pumpers",52,71,90,48,81,65,72,83,54,81,98,47,50,52,20,45,85,41,46,42,87,38,35
53-7073,Wellhead pumpers,19,70,84,61,78,56,78,78,44,73,84,54,60,51,37,45,77,46,56,47,99,74,55
53-7081,Refuse and recyclable material collectors,31,54,62,50,56,76,82,90,51,62,90,37,47,44,59,36,64,42,30,27,31,20,27
53-7121,"Tank car, truck, and ship loaders",62,90,96,51,87,78,71,79,37,64,89,52,52,47,23,43,82,57,48,48,85,74,52
